grupo;sprint;etapa;posicao;cartoes;passagens;horas_total;horas_media_por_cartao;horas_max;cartoes_acima_limite;intervalos_sem_saida;intervalos_abertos_no_corte;limite_horas;e_maior_acumulo
G01;(sem sprint);Backlog;0;6;6;193.3;32.2;193.3;1;0;0;48.0;0
G01;(sem sprint);Doing;1;17;17;271.9;16.0;124.2;2;0;0;48.0;0
G01;(sem sprint);Waiting Review;2;17;19;811.1;47.7;203.3;5;0;0;48.0;1
G01;(sem sprint);Review;3;17;18;763.4;44.9;374.7;4;0;0;48.0;0
G01;Sprint 01;Backlog;0;25;26;251.4;10.1;119.2;2;0;0;48.0;0
G01;Sprint 01;Doing;1;39;39;428.6;11.0;48.0;1;0;0;48.0;0
G01;Sprint 01;Waiting Review;2;39;39;1052.1;27.0;94.2;11;0;0;48.0;0
G01;Sprint 01;Review;3;39;40;949.3;24.3;58.6;14;0;0;48.0;1
G01;Sprint 02;Backlog;0;63;63;12143.8;192.8;671.9;38;0;0;48.0;1
G01;Sprint 02;Doing;1;65;65;1016.8;15.6;92.5;9;0;0;48.0;0
G01;Sprint 02;Waiting Review;2;65;65;1638.1;25.2;190.3;14;0;0;48.0;0
G01;Sprint 02;Review;3;59;60;1525.4;25.9;272.3;9;0;0;48.0;0
G01;Sprint 03;Backlog;0;51;51;1811.9;35.5;310.5;9;0;0;48.0;0
G01;Sprint 03;Doing;1;60;62;1086.2;18.1;250.9;5;0;0;48.0;0
G01;Sprint 03;Waiting Review;2;60;62;2636.5;43.9;202.8;25;0;0;48.0;0
G01;Sprint 03;Review;3;57;57;8422.9;147.8;310.2;36;0;0;48.0;1
G01;Sprint 04;Backlog;0;20;20;510.1;25.5;158.9;4;0;0;48.0;0
G01;Sprint 04;Doing;1;34;34;410.2;12.1;81.9;2;0;0;48.0;0
G01;Sprint 04;Waiting Review;2;34;35;1313.9;38.6;70.5;13;0;0;48.0;1
G01;Sprint 04;Review;3;33;34;373.3;11.3;81.7;5;0;0;48.0;0
G01;Sprint 05;Backlog;0;80;80;1527.2;19.1;232.4;8;0;0;48.0;0
G01;Sprint 05;Doing;1;80;80;129.6;1.6;19.7;0;0;0;48.0;0
G01;Sprint 05;Waiting Review;2;79;79;2581.0;32.7;162.4;14;0;0;48.0;1
G01;Sprint 05;Review;3;79;79;210.2;2.7;21.5;0;0;0;48.0;0
G02;(sem sprint);Backlog;0;27;27;25965.9;961.7;2299.9;19;10;10;48.0;1
G02;(sem sprint);Doing;1;11;11;24.8;2.3;5.2;0;0;0;48.0;0
G02;(sem sprint);Waiting Review;2;11;12;628.5;57.1;189.5;4;0;0;48.0;0
G02;(sem sprint);Review;3;12;14;2015.9;168.0;1937.1;1;1;1;48.0;0
G02;Sprint 01;Backlog;0;66;66;71.5;1.1;31.8;0;0;0;48.0;0
G02;Sprint 01;Doing;1;68;69;92.5;1.4;12.7;0;0;0;48.0;0
G02;Sprint 01;Waiting Review;2;68;69;1795.8;26.4;118.7;12;0;0;48.0;1
G02;Sprint 01;Review;3;68;70;154.9;2.3;45.2;0;0;0;48.0;0
G02;Sprint 02;Backlog;0;71;72;139.4;2.0;86.8;1;0;0;48.0;0
G02;Sprint 02;Doing;1;81;82;286.1;3.5;27.3;0;0;0;48.0;0
G02;Sprint 02;Waiting Review;2;84;87;6183.7;73.6;246.8;39;0;0;48.0;1
G02;Sprint 02;Review;3;85;95;19537.3;229.9;1937.2;10;10;10;48.0;0
G02;Sprint 03;Backlog;0;81;81;2279.4;28.1;222.4;11;0;0;48.0;0
G02;Sprint 03;Doing;1;95;96;235.9;2.5;23.8;0;2;0;48.0;0
G02;Sprint 03;Waiting Review;2;93;95;5754.9;61.9;246.4;31;3;0;48.0;1
G02;Sprint 03;Review;3;90;94;2242.4;24.9;1846.2;1;1;1;48.0;0
G02;Sprint 04;Backlog;0;81;82;170.3;2.1;77.0;2;2;0;48.0;0
G02;Sprint 04;Doing;1;88;90;250.1;2.8;33.9;0;0;0;48.0;0
G02;Sprint 04;Waiting Review;2;88;88;2726.4;31.0;259.7;20;2;0;48.0;1
G02;Sprint 04;Review;3;86;86;711.9;8.3;94.3;1;2;0;48.0;0
G02;Sprint 05;Backlog;0;117;118;1230.2;10.5;89.6;10;0;0;48.0;0
G02;Sprint 05;Doing;1;117;119;767.7;6.6;435.9;2;0;0;48.0;0
G02;Sprint 05;Waiting Review;2;117;118;4215.4;36.0;215.1;28;3;0;48.0;1
G02;Sprint 05;Review;3;116;116;191.3;1.6;12.5;0;0;0;48.0;0
G03;(sem sprint);Backlog;0;10;10;463.5;46.3;105.3;5;0;0;48.0;1
G03;(sem sprint);Doing;1;11;11;104.9;9.5;69.8;1;0;0;48.0;0
G03;(sem sprint);Waiting Review;2;11;11;204.5;18.6;49.2;1;0;0;48.0;0
G03;(sem sprint);Review;3;11;11;7.3;0.7;3.1;0;0;0;48.0;0
G03;Sprint 01;Backlog;0;46;46;444.6;9.7;161.4;2;0;0;48.0;0
G03;Sprint 01;Doing;1;50;51;139.3;2.8;19.9;0;0;0;48.0;0
G03;Sprint 01;Waiting Review;2;50;53;1620.2;32.4;166.0;10;1;0;48.0;1
G03;Sprint 01;Review;3;48;50;120.9;2.5;18.9;0;0;0;48.0;0
G03;Sprint 02;Backlog;0;61;64;1678.8;27.5;220.8;10;0;0;48.0;0
G03;Sprint 02;Doing;1;66;67;262.8;4.0;96.0;1;0;0;48.0;0
G03;Sprint 02;Waiting Review;2;65;67;2755.3;42.4;196.5;20;0;0;48.0;1
G03;Sprint 02;Review;3;63;63;197.6;3.1;91.5;1;0;0;48.0;0
G03;Sprint 03;Backlog;0;62;65;473.3;7.6;54.5;3;0;0;48.0;0
G03;Sprint 03;Doing;1;79;81;153.9;1.9;24.7;0;0;0;48.0;0
G03;Sprint 03;Waiting Review;2;79;79;5842.8;74.0;237.7;34;0;0;48.0;1
G03;Sprint 03;Review;3;79;79;200.9;2.5;47.7;0;0;0;48.0;0
G03;Sprint 04;Backlog;0;91;92;422.5;4.6;192.7;3;0;0;48.0;0
G03;Sprint 04;Doing;1;98;98;186.8;1.9;29.0;0;0;0;48.0;0
G03;Sprint 04;Waiting Review;2;97;100;3787.3;39.0;265.8;23;1;0;48.0;1
G03;Sprint 04;Review;3;96;100;767.7;8.0;287.4;3;0;0;48.0;0
G03;Sprint 05;Backlog;0;88;89;397.5;4.5;72.4;5;0;0;48.0;0
G03;Sprint 05;Doing;1;87;90;126.7;1.5;24.0;0;0;0;48.0;0
G03;Sprint 05;Waiting Review;2;87;89;1098.2;12.6;68.3;7;0;0;48.0;1
G03;Sprint 05;Review;3;87;93;94.9;1.1;16.0;0;2;0;48.0;0
