grupo;tamanho;dias_planejados;cartoes;no_grafico;fora_do_grafico;mediana_dias_realizados;mediana_razao;pct_acima_planejado;pct_acima_dobro;mediana_commits_por_cartao;commits_ligados;cartoes_sem_commit
G01;PP;0.25;16;16;0;0.23;0.9;43.8;43.8;1.0;15;6
G01;P;0.5;48;48;0;2.26;4.52;77.1;72.9;1.0;31;21
G01;M;1.0;127;127;0;3.13;3.13;82.7;69.3;1.0;133;51
G01;G;3.0;72;72;0;4.93;1.64;61.1;40.3;1.0;123;35
G01;(sem tamanho);;41;0;41;;;;;;0;0
G02;PP;0.25;38;38;0;0.55;2.19;60.5;52.6;1.0;35;6
G02;P;0.5;101;101;0;1.22;2.44;70.3;53.5;1.0;120;29
G02;M;1.0;204;204;0;1.5;1.5;63.7;45.1;1.0;288;83
G02;G;3.0;94;94;0;2.03;0.68;40.4;30.9;1.0;154;43
G02;GG;5.0;19;19;0;2.01;0.4;31.6;5.3;0.0;31;12
G02;(sem tamanho);;33;0;33;;;;;;0;0
G03;PP;0.25;58;56;2;0.56;2.22;58.9;50.0;1.0;57;19
G03;P;0.5;196;160;36;0.99;1.99;61.3;50.0;1.0;238;43
G03;M;1.0;164;152;12;1.96;1.96;60.5;50.0;1.0;211;53
G03;G;3.0;22;20;2;0.95;0.32;20.0;15.0;0.0;30;11
G03;(sem tamanho);;5;0;5;;;;;;0;0
