grupo;sprint;medida;pessoa_id;e_integrante;valor;pct_dos_integrantes
G01;(todas);cartoes_concluidos;G01-A15;1;59.0;21.2
G01;(todas);cartoes_concluidos;G01-A12;1;52.0;18.7
G01;(todas);cartoes_concluidos;G01-A14;1;50.0;18.0
G01;(todas);cartoes_concluidos;G01-A17;1;48.0;17.3
G01;(todas);cartoes_concluidos;G01-A16;1;29.0;10.4
G01;(todas);cartoes_concluidos;G01-A13;1;24.0;8.6
G01;(todas);cartoes_concluidos;G01-A23;1;16.0;5.8
G01;(todas);cartoes_concluidos;(não atribuído);0;26.0;9.4
G01;Sprint 01;cartoes_concluidos;G01-A12;1;9.0;25.0
G01;Sprint 01;cartoes_concluidos;G01-A14;1;8.0;22.2
G01;Sprint 01;cartoes_concluidos;G01-A15;1;8.0;22.2
G01;Sprint 01;cartoes_concluidos;G01-A17;1;4.0;11.1
G01;Sprint 01;cartoes_concluidos;G01-A13;1;3.0;8.3
G01;Sprint 01;cartoes_concluidos;G01-A23;1;3.0;8.3
G01;Sprint 01;cartoes_concluidos;G01-A16;1;1.0;2.8
G01;Sprint 01;cartoes_concluidos;(não atribuído);0;4.0;11.1
G01;Sprint 02;cartoes_concluidos;G01-A14;1;11.0;21.2
G01;Sprint 02;cartoes_concluidos;G01-A17;1;10.0;19.2
G01;Sprint 02;cartoes_concluidos;G01-A12;1;9.0;17.3
G01;Sprint 02;cartoes_concluidos;G01-A15;1;8.0;15.4
G01;Sprint 02;cartoes_concluidos;G01-A23;1;7.0;13.5
G01;Sprint 02;cartoes_concluidos;G01-A13;1;4.0;7.7
G01;Sprint 02;cartoes_concluidos;G01-A16;1;3.0;5.8
G01;Sprint 02;cartoes_concluidos;(não atribuído);0;13.0;25.0
G01;Sprint 03;cartoes_concluidos;G01-A12;1;18.0;30.0
G01;Sprint 03;cartoes_concluidos;G01-A14;1;12.0;20.0
G01;Sprint 03;cartoes_concluidos;G01-A17;1;10.0;16.7
G01;Sprint 03;cartoes_concluidos;G01-A15;1;9.0;15.0
G01;Sprint 03;cartoes_concluidos;G01-A13;1;6.0;10.0
G01;Sprint 03;cartoes_concluidos;G01-A16;1;3.0;5.0
G01;Sprint 03;cartoes_concluidos;G01-A23;1;2.0;3.3
G01;Sprint 03;cartoes_concluidos;(não atribuído);0;6.0;10.0
G01;Sprint 04;cartoes_concluidos;G01-A15;1;11.0;32.4
G01;Sprint 04;cartoes_concluidos;G01-A12;1;6.0;17.6
G01;Sprint 04;cartoes_concluidos;G01-A17;1;6.0;17.6
G01;Sprint 04;cartoes_concluidos;G01-A14;1;5.0;14.7
G01;Sprint 04;cartoes_concluidos;G01-A13;1;2.0;5.9
G01;Sprint 04;cartoes_concluidos;G01-A16;1;2.0;5.9
G01;Sprint 04;cartoes_concluidos;G01-A23;1;2.0;5.9
G01;Sprint 04;cartoes_concluidos;(não atribuído);0;0.0;0.0
G01;Sprint 05;cartoes_concluidos;G01-A16;1;17.0;21.0
G01;Sprint 05;cartoes_concluidos;G01-A17;1;17.0;21.0
G01;Sprint 05;cartoes_concluidos;G01-A14;1;14.0;17.3
G01;Sprint 05;cartoes_concluidos;G01-A15;1;14.0;17.3
G01;Sprint 05;cartoes_concluidos;G01-A12;1;10.0;12.3
G01;Sprint 05;cartoes_concluidos;G01-A13;1;7.0;8.6
G01;Sprint 05;cartoes_concluidos;G01-A23;1;2.0;2.5
G01;Sprint 05;cartoes_concluidos;(não atribuído);0;0.0;0.0
G01;(todas);commits_autorais;G01-A17;1;93.0;31.8
G01;(todas);commits_autorais;G01-A14;1;55.0;18.8
G01;(todas);commits_autorais;G01-A12;1;53.0;18.2
G01;(todas);commits_autorais;G01-A15;1;46.0;15.8
G01;(todas);commits_autorais;G01-A13;1;32.0;11.0
G01;(todas);commits_autorais;G01-A23;1;13.0;4.5
G01;(todas);commits_autorais;G01-A16;1;0.0;0.0
G01;(todas);commits_autorais;(não atribuído);0;112.0;38.4
G01;(todas);dias_planejados_concluidos;G01-A17;1;87.5;24.8
G01;(todas);dias_planejados_concluidos;G01-A14;1;70.0;19.9
G01;(todas);dias_planejados_concluidos;G01-A15;1;65.0;18.4
G01;(todas);dias_planejados_concluidos;G01-A12;1;53.0;15.0
G01;(todas);dias_planejados_concluidos;G01-A13;1;37.5;10.6
G01;(todas);dias_planejados_concluidos;G01-A16;1;29.5;8.4
G01;(todas);dias_planejados_concluidos;G01-A23;1;10.0;2.8
G01;(todas);dias_planejados_concluidos;(não atribuído);0;18.5;5.2
G01;Sprint 01;dias_planejados_concluidos;G01-A12;1;12.5;31.3
G01;Sprint 01;dias_planejados_concluidos;G01-A14;1;11.5;28.8
G01;Sprint 01;dias_planejados_concluidos;G01-A15;1;7.0;17.5
G01;Sprint 01;dias_planejados_concluidos;G01-A17;1;3.0;7.5
G01;Sprint 01;dias_planejados_concluidos;G01-A13;1;2.5;6.3
G01;Sprint 01;dias_planejados_concluidos;G01-A23;1;2.5;6.3
G01;Sprint 01;dias_planejados_concluidos;G01-A16;1;1.0;2.5
G01;Sprint 01;dias_planejados_concluidos;(não atribuído);0;6.0;15.0
G01;Sprint 02;dias_planejados_concluidos;G01-A14;1;9.5;30.9
G01;Sprint 02;dias_planejados_concluidos;G01-A15;1;8.25;26.8
G01;Sprint 02;dias_planejados_concluidos;G01-A12;1;5.0;16.3
G01;Sprint 02;dias_planejados_concluidos;G01-A17;1;5.0;16.3
G01;Sprint 02;dias_planejados_concluidos;G01-A23;1;3.0;9.8
G01;Sprint 02;dias_planejados_concluidos;G01-A13;1;0.0;0.0
G01;Sprint 02;dias_planejados_concluidos;G01-A16;1;0.0;0.0
G01;Sprint 02;dias_planejados_concluidos;(não atribuído);0;8.5;27.6
G01;Sprint 03;dias_planejados_concluidos;G01-A12;1;24.0;26.8
G01;Sprint 03;dias_planejados_concluidos;G01-A14;1;19.0;21.2
G01;Sprint 03;dias_planejados_concluidos;G01-A17;1;18.5;20.7
G01;Sprint 03;dias_planejados_concluidos;G01-A13;1;18.0;20.1
G01;Sprint 03;dias_planejados_concluidos;G01-A15;1;8.5;9.5
G01;Sprint 03;dias_planejados_concluidos;G01-A23;1;1.5;1.7
G01;Sprint 03;dias_planejados_concluidos;G01-A16;1;0.0;0.0
G01;Sprint 03;dias_planejados_concluidos;(não atribuído);0;0.0;0.0
G01;Sprint 04;dias_planejados_concluidos;G01-A14;1;15.0;26.8
G01;Sprint 04;dias_planejados_concluidos;G01-A15;1;14.5;25.9
G01;Sprint 04;dias_planejados_concluidos;G01-A17;1;11.0;19.6
G01;Sprint 04;dias_planejados_concluidos;G01-A12;1;8.0;14.3
G01;Sprint 04;dias_planejados_concluidos;G01-A13;1;6.0;10.7
G01;Sprint 04;dias_planejados_concluidos;G01-A23;1;1.5;2.7
G01;Sprint 04;dias_planejados_concluidos;G01-A16;1;0.0;0.0
G01;Sprint 04;dias_planejados_concluidos;(não atribuído);0;0.0;0.0
G01;Sprint 05;dias_planejados_concluidos;G01-A17;1;47.0;40.3
G01;Sprint 05;dias_planejados_concluidos;G01-A16;1;24.5;21.0
G01;Sprint 05;dias_planejados_concluidos;G01-A15;1;17.5;15.0
G01;Sprint 05;dias_planejados_concluidos;G01-A14;1;15.0;12.9
G01;Sprint 05;dias_planejados_concluidos;G01-A13;1;7.5;6.4
G01;Sprint 05;dias_planejados_concluidos;G01-A12;1;3.5;3.0
G01;Sprint 05;dias_planejados_concluidos;G01-A23;1;1.5;1.3
G01;Sprint 05;dias_planejados_concluidos;(não atribuído);0;0.0;0.0
G01;(todas);mrs_autorados;G01-A14;1;46.0;32.4
G01;(todas);mrs_autorados;G01-A17;1;24.0;16.9
G01;(todas);mrs_autorados;G01-A15;1;23.0;16.2
G01;(todas);mrs_autorados;G01-A13;1;16.0;11.3
G01;(todas);mrs_autorados;G01-A12;1;12.0;8.5
G01;(todas);mrs_autorados;G01-A16;1;11.0;7.7
G01;(todas);mrs_autorados;G01-A23;1;10.0;7.0
G01;(todas);mrs_autorados;(não atribuído);0;8.0;5.6
G01;Sprint 01;mrs_autorados;G01-A14;1;7.0;77.8
G01;Sprint 01;mrs_autorados;G01-A13;1;1.0;11.1
G01;Sprint 01;mrs_autorados;G01-A17;1;1.0;11.1
G01;Sprint 01;mrs_autorados;G01-A12;1;0.0;0.0
G01;Sprint 01;mrs_autorados;G01-A15;1;0.0;0.0
G01;Sprint 01;mrs_autorados;G01-A16;1;0.0;0.0
G01;Sprint 01;mrs_autorados;G01-A23;1;0.0;0.0
G01;Sprint 01;mrs_autorados;(não atribuído);0;0.0;0.0
G01;Sprint 02;mrs_autorados;G01-A14;1;2.0;50.0
G01;Sprint 02;mrs_autorados;G01-A13;1;1.0;25.0
G01;Sprint 02;mrs_autorados;G01-A17;1;1.0;25.0
G01;Sprint 02;mrs_autorados;G01-A12;1;0.0;0.0
G01;Sprint 02;mrs_autorados;G01-A15;1;0.0;0.0
G01;Sprint 02;mrs_autorados;G01-A16;1;0.0;0.0
G01;Sprint 02;mrs_autorados;G01-A23;1;0.0;0.0
G01;Sprint 02;mrs_autorados;(não atribuído);0;2.0;50.0
G01;Sprint 03;mrs_autorados;G01-A14;1;12.0;38.7
G01;Sprint 03;mrs_autorados;G01-A17;1;9.0;29.0
G01;Sprint 03;mrs_autorados;G01-A13;1;4.0;12.9
G01;Sprint 03;mrs_autorados;G01-A12;1;3.0;9.7
G01;Sprint 03;mrs_autorados;G01-A16;1;2.0;6.5
G01;Sprint 03;mrs_autorados;G01-A15;1;1.0;3.2
G01;Sprint 03;mrs_autorados;G01-A23;1;0.0;0.0
G01;Sprint 03;mrs_autorados;(não atribuído);0;0.0;0.0
G01;Sprint 04;mrs_autorados;G01-A14;1;8.0;50.0
G01;Sprint 04;mrs_autorados;G01-A13;1;3.0;18.8
G01;Sprint 04;mrs_autorados;G01-A17;1;2.0;12.5
G01;Sprint 04;mrs_autorados;G01-A23;1;2.0;12.5
G01;Sprint 04;mrs_autorados;G01-A16;1;1.0;6.3
G01;Sprint 04;mrs_autorados;G01-A12;1;0.0;0.0
G01;Sprint 04;mrs_autorados;G01-A15;1;0.0;0.0
G01;Sprint 04;mrs_autorados;(não atribuído);0;0.0;0.0
G01;Sprint 05;mrs_autorados;G01-A14;1;13.0;34.2
G01;Sprint 05;mrs_autorados;G01-A17;1;7.0;18.4
G01;Sprint 05;mrs_autorados;G01-A13;1;6.0;15.8
G01;Sprint 05;mrs_autorados;G01-A15;1;5.0;13.2
G01;Sprint 05;mrs_autorados;G01-A12;1;3.0;7.9
G01;Sprint 05;mrs_autorados;G01-A16;1;2.0;5.3
G01;Sprint 05;mrs_autorados;G01-A23;1;2.0;5.3
G01;Sprint 05;mrs_autorados;(não atribuído);0;0.0;0.0
G02;(todas);cartoes_concluidos;G02-A12;1;121.0;26.9
G02;(todas);cartoes_concluidos;G02-A19;1;81.0;18.0
G02;(todas);cartoes_concluidos;G02-A15;1;68.0;15.1
G02;(todas);cartoes_concluidos;G02-A16;1;60.0;13.3
G02;(todas);cartoes_concluidos;G02-A18;1;47.0;10.4
G02;(todas);cartoes_concluidos;G02-A13;1;43.0;9.6
G02;(todas);cartoes_concluidos;G02-A14;1;30.0;6.7
G02;(todas);cartoes_concluidos;(não atribuído);0;29.0;6.4
G02;Sprint 01;cartoes_concluidos;G02-A12;1;26.0;43.3
G02;Sprint 01;cartoes_concluidos;G02-A19;1;12.0;20.0
G02;Sprint 01;cartoes_concluidos;G02-A18;1;7.0;11.7
G02;Sprint 01;cartoes_concluidos;G02-A15;1;6.0;10.0
G02;Sprint 01;cartoes_concluidos;G02-A13;1;4.0;6.7
G02;Sprint 01;cartoes_concluidos;G02-A14;1;3.0;5.0
G02;Sprint 01;cartoes_concluidos;G02-A16;1;2.0;3.3
G02;Sprint 01;cartoes_concluidos;(não atribuído);0;8.0;13.3
G02;Sprint 02;cartoes_concluidos;G02-A12;1;23.0;31.1
G02;Sprint 02;cartoes_concluidos;G02-A13;1;12.0;16.2
G02;Sprint 02;cartoes_concluidos;G02-A19;1;12.0;16.2
G02;Sprint 02;cartoes_concluidos;G02-A15;1;8.0;10.8
G02;Sprint 02;cartoes_concluidos;G02-A16;1;7.0;9.5
G02;Sprint 02;cartoes_concluidos;G02-A14;1;6.0;8.1
G02;Sprint 02;cartoes_concluidos;G02-A18;1;6.0;8.1
G02;Sprint 02;cartoes_concluidos;(não atribuído);0;11.0;14.9
G02;Sprint 03;cartoes_concluidos;G02-A12;1;30.0;31.6
G02;Sprint 03;cartoes_concluidos;G02-A19;1;22.0;23.2
G02;Sprint 03;cartoes_concluidos;G02-A15;1;12.0;12.6
G02;Sprint 03;cartoes_concluidos;G02-A18;1;11.0;11.6
G02;Sprint 03;cartoes_concluidos;G02-A13;1;7.0;7.4
G02;Sprint 03;cartoes_concluidos;G02-A16;1;7.0;7.4
G02;Sprint 03;cartoes_concluidos;G02-A14;1;6.0;6.3
G02;Sprint 03;cartoes_concluidos;(não atribuído);0;0.0;0.0
G02;Sprint 04;cartoes_concluidos;G02-A12;1;22.0;24.4
G02;Sprint 04;cartoes_concluidos;G02-A16;1;17.0;18.9
G02;Sprint 04;cartoes_concluidos;G02-A15;1;16.0;17.8
G02;Sprint 04;cartoes_concluidos;G02-A19;1;14.0;15.6
G02;Sprint 04;cartoes_concluidos;G02-A18;1;11.0;12.2
G02;Sprint 04;cartoes_concluidos;G02-A13;1;6.0;6.7
G02;Sprint 04;cartoes_concluidos;G02-A14;1;4.0;4.4
G02;Sprint 04;cartoes_concluidos;(não atribuído);0;0.0;0.0
G02;Sprint 05;cartoes_concluidos;G02-A15;1;26.0;21.7
G02;Sprint 05;cartoes_concluidos;G02-A16;1;25.0;20.8
G02;Sprint 05;cartoes_concluidos;G02-A19;1;19.0;15.8
G02;Sprint 05;cartoes_concluidos;G02-A12;1;18.0;15.0
G02;Sprint 05;cartoes_concluidos;G02-A18;1;12.0;10.0
G02;Sprint 05;cartoes_concluidos;G02-A13;1;11.0;9.2
G02;Sprint 05;cartoes_concluidos;G02-A14;1;9.0;7.5
G02;Sprint 05;cartoes_concluidos;(não atribuído);0;0.0;0.0
G02;(todas);commits_autorais;G02-A15;1;168.0;25.6
G02;(todas);commits_autorais;G02-A19;1;124.0;18.9
G02;(todas);commits_autorais;G02-A12;1;118.0;18.0
G02;(todas);commits_autorais;G02-A16;1;84.0;12.8
G02;(todas);commits_autorais;G02-A14;1;67.0;10.2
G02;(todas);commits_autorais;G02-A18;1;48.0;7.3
G02;(todas);commits_autorais;G02-A13;1;46.0;7.0
G02;(todas);commits_autorais;(não atribuído);0;51.0;7.8
G02;(todas);dias_planejados_concluidos;G02-A12;1;133.5;21.4
G02;(todas);dias_planejados_concluidos;G02-A19;1;109.0;17.5
G02;(todas);dias_planejados_concluidos;G02-A15;1;88.75;14.3
G02;(todas);dias_planejados_concluidos;G02-A13;1;85.0;13.7
G02;(todas);dias_planejados_concluidos;G02-A16;1;75.5;12.1
G02;(todas);dias_planejados_concluidos;G02-A14;1;72.5;11.6
G02;(todas);dias_planejados_concluidos;G02-A18;1;58.25;9.4
G02;(todas);dias_planejados_concluidos;(não atribuído);0;18.5;3.0
G02;Sprint 01;dias_planejados_concluidos;G02-A12;1;20.0;38.5
G02;Sprint 01;dias_planejados_concluidos;G02-A13;1;7.5;14.4
G02;Sprint 01;dias_planejados_concluidos;G02-A18;1;7.25;13.9
G02;Sprint 01;dias_planejados_concluidos;G02-A19;1;6.5;12.5
G02;Sprint 01;dias_planejados_concluidos;G02-A15;1;4.75;9.1
G02;Sprint 01;dias_planejados_concluidos;G02-A16;1;4.0;7.7
G02;Sprint 01;dias_planejados_concluidos;G02-A14;1;2.0;3.8
G02;Sprint 01;dias_planejados_concluidos;(não atribuído);0;7.0;13.5
G02;Sprint 02;dias_planejados_concluidos;G02-A19;1;27.5;23.4
G02;Sprint 02;dias_planejados_concluidos;G02-A12;1;24.0;20.4
G02;Sprint 02;dias_planejados_concluidos;G02-A15;1;20.0;17.0
G02;Sprint 02;dias_planejados_concluidos;G02-A13;1;17.0;14.4
G02;Sprint 02;dias_planejados_concluidos;G02-A14;1;14.0;11.9
G02;Sprint 02;dias_planejados_concluidos;G02-A16;1;11.0;9.3
G02;Sprint 02;dias_planejados_concluidos;G02-A18;1;4.25;3.6
G02;Sprint 02;dias_planejados_concluidos;(não atribuído);0;11.5;9.8
G02;Sprint 03;dias_planejados_concluidos;G02-A12;1;33.5;23.7
G02;Sprint 03;dias_planejados_concluidos;G02-A19;1;28.0;19.8
G02;Sprint 03;dias_planejados_concluidos;G02-A18;1;23.0;16.3
G02;Sprint 03;dias_planejados_concluidos;G02-A13;1;19.0;13.4
G02;Sprint 03;dias_planejados_concluidos;G02-A15;1;14.0;9.9
G02;Sprint 03;dias_planejados_concluidos;G02-A16;1;13.0;9.2
G02;Sprint 03;dias_planejados_concluidos;G02-A14;1;11.0;7.8
G02;Sprint 03;dias_planejados_concluidos;(não atribuído);0;0.0;0.0
G02;Sprint 04;dias_planejados_concluidos;G02-A12;1;32.0;25.8
G02;Sprint 04;dias_planejados_concluidos;G02-A15;1;22.0;17.7
G02;Sprint 04;dias_planejados_concluidos;G02-A19;1;22.0;17.7
G02;Sprint 04;dias_planejados_concluidos;G02-A16;1;16.5;13.3
G02;Sprint 04;dias_planejados_concluidos;G02-A18;1;14.25;11.5
G02;Sprint 04;dias_planejados_concluidos;G02-A13;1;12.0;9.7
G02;Sprint 04;dias_planejados_concluidos;G02-A14;1;5.5;4.4
G02;Sprint 04;dias_planejados_concluidos;(não atribuído);0;0.0;0.0
G02;Sprint 05;dias_planejados_concluidos;G02-A14;1;37.0;22.6
G02;Sprint 05;dias_planejados_concluidos;G02-A15;1;28.0;17.1
G02;Sprint 05;dias_planejados_concluidos;G02-A16;1;27.0;16.5
G02;Sprint 05;dias_planejados_concluidos;G02-A19;1;21.75;13.3
G02;Sprint 05;dias_planejados_concluidos;G02-A13;1;20.5;12.5
G02;Sprint 05;dias_planejados_concluidos;G02-A12;1;20.0;12.2
G02;Sprint 05;dias_planejados_concluidos;G02-A18;1;9.5;5.8
G02;Sprint 05;dias_planejados_concluidos;(não atribuído);0;0.0;0.0
G02;(todas);mrs_autorados;G02-A15;1;48.0;23.6
G02;(todas);mrs_autorados;G02-A12;1;37.0;18.2
G02;(todas);mrs_autorados;G02-A19;1;31.0;15.3
G02;(todas);mrs_autorados;G02-A14;1;25.0;12.3
G02;(todas);mrs_autorados;G02-A18;1;25.0;12.3
G02;(todas);mrs_autorados;G02-A13;1;20.0;9.9
G02;(todas);mrs_autorados;G02-A16;1;17.0;8.4
G02;(todas);mrs_autorados;(não atribuído);0;17.0;8.4
G02;Sprint 01;mrs_autorados;G02-A12;1;6.0;27.3
G02;Sprint 01;mrs_autorados;G02-A19;1;4.0;18.2
G02;Sprint 01;mrs_autorados;G02-A13;1;3.0;13.6
G02;Sprint 01;mrs_autorados;G02-A14;1;3.0;13.6
G02;Sprint 01;mrs_autorados;G02-A18;1;3.0;13.6
G02;Sprint 01;mrs_autorados;G02-A15;1;2.0;9.1
G02;Sprint 01;mrs_autorados;G02-A16;1;1.0;4.5
G02;Sprint 01;mrs_autorados;(não atribuído);0;7.0;31.8
G02;Sprint 02;mrs_autorados;G02-A19;1;6.0;37.5
G02;Sprint 02;mrs_autorados;G02-A13;1;4.0;25.0
G02;Sprint 02;mrs_autorados;G02-A12;1;3.0;18.8
G02;Sprint 02;mrs_autorados;G02-A15;1;2.0;12.5
G02;Sprint 02;mrs_autorados;G02-A16;1;1.0;6.3
G02;Sprint 02;mrs_autorados;G02-A14;1;0.0;0.0
G02;Sprint 02;mrs_autorados;G02-A18;1;0.0;0.0
G02;Sprint 02;mrs_autorados;(não atribuído);0;8.0;50.0
G02;Sprint 03;mrs_autorados;G02-A15;1;10.0;29.4
G02;Sprint 03;mrs_autorados;G02-A14;1;8.0;23.5
G02;Sprint 03;mrs_autorados;G02-A12;1;7.0;20.6
G02;Sprint 03;mrs_autorados;G02-A19;1;4.0;11.8
G02;Sprint 03;mrs_autorados;G02-A16;1;3.0;8.8
G02;Sprint 03;mrs_autorados;G02-A13;1;2.0;5.9
G02;Sprint 03;mrs_autorados;G02-A18;1;0.0;0.0
G02;Sprint 03;mrs_autorados;(não atribuído);0;0.0;0.0
G02;Sprint 04;mrs_autorados;G02-A15;1;15.0;33.3
G02;Sprint 04;mrs_autorados;G02-A18;1;9.0;20.0
G02;Sprint 04;mrs_autorados;G02-A12;1;8.0;17.8
G02;Sprint 04;mrs_autorados;G02-A13;1;5.0;11.1
G02;Sprint 04;mrs_autorados;G02-A16;1;3.0;6.7
G02;Sprint 04;mrs_autorados;G02-A19;1;3.0;6.7
G02;Sprint 04;mrs_autorados;G02-A14;1;2.0;4.4
G02;Sprint 04;mrs_autorados;(não atribuído);0;0.0;0.0
G02;Sprint 05;mrs_autorados;G02-A15;1;16.0;26.7
G02;Sprint 05;mrs_autorados;G02-A19;1;11.0;18.3
G02;Sprint 05;mrs_autorados;G02-A18;1;9.0;15.0
G02;Sprint 05;mrs_autorados;G02-A16;1;8.0;13.3
G02;Sprint 05;mrs_autorados;G02-A12;1;6.0;10.0
G02;Sprint 05;mrs_autorados;G02-A13;1;5.0;8.3
G02;Sprint 05;mrs_autorados;G02-A14;1;5.0;8.3
G02;Sprint 05;mrs_autorados;(não atribuído);0;0.0;0.0
G03;(todas);cartoes_concluidos;G03-A15;1;141.0;36.1
G03;(todas);cartoes_concluidos;G03-A16;1;66.0;16.9
G03;(todas);cartoes_concluidos;G03-A12;1;62.0;15.9
G03;(todas);cartoes_concluidos;G03-A18;1;48.0;12.3
G03;(todas);cartoes_concluidos;G03-A14;1;35.0;9.0
G03;(todas);cartoes_concluidos;G03-A19;1;25.0;6.4
G03;(todas);cartoes_concluidos;G03-A13;1;14.0;3.6
G03;(todas);cartoes_concluidos;(não atribuído);0;0.0;0.0
G03;Sprint 01;cartoes_concluidos;G03-A15;1;14.0;26.9
G03;Sprint 01;cartoes_concluidos;G03-A12;1;10.0;19.2
G03;Sprint 01;cartoes_concluidos;G03-A14;1;10.0;19.2
G03;Sprint 01;cartoes_concluidos;G03-A16;1;6.0;11.5
G03;Sprint 01;cartoes_concluidos;G03-A18;1;5.0;9.6
G03;Sprint 01;cartoes_concluidos;G03-A19;1;5.0;9.6
G03;Sprint 01;cartoes_concluidos;G03-A13;1;2.0;3.8
G03;Sprint 01;cartoes_concluidos;(não atribuído);0;0.0;0.0
G03;Sprint 02;cartoes_concluidos;G03-A15;1;26.0;40.0
G03;Sprint 02;cartoes_concluidos;G03-A16;1;9.0;13.8
G03;Sprint 02;cartoes_concluidos;G03-A18;1;9.0;13.8
G03;Sprint 02;cartoes_concluidos;G03-A12;1;7.0;10.8
G03;Sprint 02;cartoes_concluidos;G03-A13;1;7.0;10.8
G03;Sprint 02;cartoes_concluidos;G03-A14;1;4.0;6.2
G03;Sprint 02;cartoes_concluidos;G03-A19;1;3.0;4.6
G03;Sprint 02;cartoes_concluidos;(não atribuído);0;0.0;0.0
G03;Sprint 03;cartoes_concluidos;G03-A15;1;27.0;34.2
G03;Sprint 03;cartoes_concluidos;G03-A16;1;17.0;21.5
G03;Sprint 03;cartoes_concluidos;G03-A12;1;12.0;15.2
G03;Sprint 03;cartoes_concluidos;G03-A18;1;10.0;12.7
G03;Sprint 03;cartoes_concluidos;G03-A19;1;6.0;7.6
G03;Sprint 03;cartoes_concluidos;G03-A14;1;5.0;6.3
G03;Sprint 03;cartoes_concluidos;G03-A13;1;2.0;2.5
G03;Sprint 03;cartoes_concluidos;(não atribuído);0;0.0;0.0
G03;Sprint 04;cartoes_concluidos;G03-A15;1;44.0;45.4
G03;Sprint 04;cartoes_concluidos;G03-A16;1;17.0;17.5
G03;Sprint 04;cartoes_concluidos;G03-A18;1;14.0;14.4
G03;Sprint 04;cartoes_concluidos;G03-A14;1;9.0;9.3
G03;Sprint 04;cartoes_concluidos;G03-A12;1;6.0;6.2
G03;Sprint 04;cartoes_concluidos;G03-A19;1;6.0;6.2
G03;Sprint 04;cartoes_concluidos;G03-A13;1;1.0;1.0
G03;Sprint 04;cartoes_concluidos;(não atribuído);0;0.0;0.0
G03;Sprint 05;cartoes_concluidos;G03-A15;1;30.0;34.5
G03;Sprint 05;cartoes_concluidos;G03-A12;1;17.0;19.5
G03;Sprint 05;cartoes_concluidos;G03-A16;1;17.0;19.5
G03;Sprint 05;cartoes_concluidos;G03-A18;1;10.0;11.5
G03;Sprint 05;cartoes_concluidos;G03-A14;1;7.0;8.0
G03;Sprint 05;cartoes_concluidos;G03-A19;1;4.0;4.6
G03;Sprint 05;cartoes_concluidos;G03-A13;1;2.0;2.3
G03;Sprint 05;cartoes_concluidos;(não atribuído);0;0.0;0.0
G03;(todas);commits_autorais;G03-A12;1;113.0;23.1
G03;(todas);commits_autorais;G03-A15;1;96.0;19.6
G03;(todas);commits_autorais;G03-A18;1;73.0;14.9
G03;(todas);commits_autorais;G03-A16;1;70.0;14.3
G03;(todas);commits_autorais;G03-A14;1;54.0;11.0
G03;(todas);commits_autorais;G03-A19;1;51.0;10.4
G03;(todas);commits_autorais;G03-A13;1;32.0;6.5
G03;(todas);commits_autorais;(não atribuído);0;144.0;29.4
G03;(todas);dias_planejados_concluidos;G03-A15;1;101.0;33.0
G03;(todas);dias_planejados_concluidos;G03-A12;1;61.5;20.1
G03;(todas);dias_planejados_concluidos;G03-A16;1;44.0;14.4
G03;(todas);dias_planejados_concluidos;G03-A18;1;43.75;14.3
G03;(todas);dias_planejados_concluidos;G03-A14;1;30.5;10.0
G03;(todas);dias_planejados_concluidos;G03-A19;1;17.5;5.7
G03;(todas);dias_planejados_concluidos;G03-A13;1;7.75;2.5
G03;(todas);dias_planejados_concluidos;(não atribuído);0;0.0;0.0
G03;Sprint 01;dias_planejados_concluidos;G03-A15;1;13.75;25.6
G03;Sprint 01;dias_planejados_concluidos;G03-A12;1;12.5;23.3
G03;Sprint 01;dias_planejados_concluidos;G03-A14;1;10.0;18.6
G03;Sprint 01;dias_planejados_concluidos;G03-A18;1;6.5;12.1
G03;Sprint 01;dias_planejados_concluidos;G03-A16;1;5.0;9.3
G03;Sprint 01;dias_planejados_concluidos;G03-A19;1;5.0;9.3
G03;Sprint 01;dias_planejados_concluidos;G03-A13;1;1.0;1.9
G03;Sprint 01;dias_planejados_concluidos;(não atribuído);0;0.0;0.0
G03;Sprint 02;dias_planejados_concluidos;G03-A15;1;11.25;31.5
G03;Sprint 02;dias_planejados_concluidos;G03-A18;1;6.5;18.2
G03;Sprint 02;dias_planejados_concluidos;G03-A16;1;5.0;14.0
G03;Sprint 02;dias_planejados_concluidos;G03-A13;1;4.25;11.9
G03;Sprint 02;dias_planejados_concluidos;G03-A12;1;4.0;11.2
G03;Sprint 02;dias_planejados_concluidos;G03-A14;1;3.5;9.8
G03;Sprint 02;dias_planejados_concluidos;G03-A19;1;1.25;3.5
G03;Sprint 02;dias_planejados_concluidos;(não atribuído);0;0.0;0.0
G03;Sprint 03;dias_planejados_concluidos;G03-A15;1;23.5;37.5
G03;Sprint 03;dias_planejados_concluidos;G03-A16;1;12.0;19.1
G03;Sprint 03;dias_planejados_concluidos;G03-A18;1;11.0;17.5
G03;Sprint 03;dias_planejados_concluidos;G03-A12;1;9.5;15.1
G03;Sprint 03;dias_planejados_concluidos;G03-A19;1;3.25;5.2
G03;Sprint 03;dias_planejados_concluidos;G03-A14;1;2.5;4.0
G03;Sprint 03;dias_planejados_concluidos;G03-A13;1;1.0;1.6
G03;Sprint 03;dias_planejados_concluidos;(não atribuído);0;0.0;0.0
G03;Sprint 04;dias_planejados_concluidos;G03-A15;1;37.5;44.6
G03;Sprint 04;dias_planejados_concluidos;G03-A16;1;13.0;15.5
G03;Sprint 04;dias_planejados_concluidos;G03-A18;1;11.5;13.7
G03;Sprint 04;dias_planejados_concluidos;G03-A12;1;8.0;9.5
G03;Sprint 04;dias_planejados_concluidos;G03-A14;1;8.0;9.5
G03;Sprint 04;dias_planejados_concluidos;G03-A19;1;5.5;6.5
G03;Sprint 04;dias_planejados_concluidos;G03-A13;1;0.5;0.6
G03;Sprint 04;dias_planejados_concluidos;(não atribuído);0;0.0;0.0
G03;Sprint 05;dias_planejados_concluidos;G03-A15;1;15.0;26.9
G03;Sprint 05;dias_planejados_concluidos;G03-A12;1;14.0;25.1
G03;Sprint 05;dias_planejados_concluidos;G03-A16;1;9.0;16.1
G03;Sprint 05;dias_planejados_concluidos;G03-A18;1;8.25;14.8
G03;Sprint 05;dias_planejados_concluidos;G03-A14;1;6.5;11.7
G03;Sprint 05;dias_planejados_concluidos;G03-A19;1;2.0;3.6
G03;Sprint 05;dias_planejados_concluidos;G03-A13;1;1.0;1.8
G03;Sprint 05;dias_planejados_concluidos;(não atribuído);0;0.0;0.0
G03;(todas);mrs_autorados;G03-A15;1;46.0;27.2
G03;(todas);mrs_autorados;G03-A12;1;29.0;17.2
G03;(todas);mrs_autorados;G03-A16;1;25.0;14.8
G03;(todas);mrs_autorados;G03-A18;1;23.0;13.6
G03;(todas);mrs_autorados;G03-A14;1;21.0;12.4
G03;(todas);mrs_autorados;G03-A19;1;16.0;9.5
G03;(todas);mrs_autorados;G03-A13;1;9.0;5.3
G03;(todas);mrs_autorados;(não atribuído);0;1.0;0.6
G03;Sprint 01;mrs_autorados;G03-A15;1;5.0;26.3
G03;Sprint 01;mrs_autorados;G03-A14;1;4.0;21.1
G03;Sprint 01;mrs_autorados;G03-A18;1;4.0;21.1
G03;Sprint 01;mrs_autorados;G03-A12;1;2.0;10.5
G03;Sprint 01;mrs_autorados;G03-A16;1;2.0;10.5
G03;Sprint 01;mrs_autorados;G03-A13;1;1.0;5.3
G03;Sprint 01;mrs_autorados;G03-A19;1;1.0;5.3
G03;Sprint 01;mrs_autorados;(não atribuído);0;0.0;0.0
G03;Sprint 02;mrs_autorados;G03-A12;1;3.0;23.1
G03;Sprint 02;mrs_autorados;G03-A15;1;3.0;23.1
G03;Sprint 02;mrs_autorados;G03-A18;1;3.0;23.1
G03;Sprint 02;mrs_autorados;G03-A13;1;2.0;15.4
G03;Sprint 02;mrs_autorados;G03-A14;1;1.0;7.7
G03;Sprint 02;mrs_autorados;G03-A16;1;1.0;7.7
G03;Sprint 02;mrs_autorados;G03-A19;1;0.0;0.0
G03;Sprint 02;mrs_autorados;(não atribuído);0;0.0;0.0
G03;Sprint 03;mrs_autorados;G03-A12;1;7.0;24.1
G03;Sprint 03;mrs_autorados;G03-A18;1;6.0;20.7
G03;Sprint 03;mrs_autorados;G03-A19;1;5.0;17.2
G03;Sprint 03;mrs_autorados;G03-A14;1;4.0;13.8
G03;Sprint 03;mrs_autorados;G03-A15;1;4.0;13.8
G03;Sprint 03;mrs_autorados;G03-A13;1;2.0;6.9
G03;Sprint 03;mrs_autorados;G03-A16;1;1.0;3.4
G03;Sprint 03;mrs_autorados;(não atribuído);0;0.0;0.0
G03;Sprint 04;mrs_autorados;G03-A15;1;22.0;38.6
G03;Sprint 04;mrs_autorados;G03-A18;1;8.0;14.0
G03;Sprint 04;mrs_autorados;G03-A14;1;7.0;12.3
G03;Sprint 04;mrs_autorados;G03-A19;1;7.0;12.3
G03;Sprint 04;mrs_autorados;G03-A12;1;6.0;10.5
G03;Sprint 04;mrs_autorados;G03-A16;1;6.0;10.5
G03;Sprint 04;mrs_autorados;G03-A13;1;1.0;1.8
G03;Sprint 04;mrs_autorados;(não atribuído);0;0.0;0.0
G03;Sprint 05;mrs_autorados;G03-A15;1;10.0;31.3
G03;Sprint 05;mrs_autorados;G03-A12;1;7.0;21.9
G03;Sprint 05;mrs_autorados;G03-A14;1;4.0;12.5
G03;Sprint 05;mrs_autorados;G03-A16;1;4.0;12.5
G03;Sprint 05;mrs_autorados;G03-A19;1;3.0;9.4
G03;Sprint 05;mrs_autorados;G03-A13;1;2.0;6.3
G03;Sprint 05;mrs_autorados;G03-A18;1;2.0;6.3
G03;Sprint 05;mrs_autorados;(não atribuído);0;0.0;0.0
