grupo;sprint;pessoa_id;e_integrante;eixo;ordem;cartoes;pct;cartoes_total;sem_eixo
G01;(todas);(grupo);0;Código;1;145.5;52.9;275;3
G01;(todas);(grupo);0;Design;2;40.8333;14.8;275;3
G01;(todas);(grupo);0;Documentação;3;74.0;26.9;275;3
G01;(todas);(grupo);0;Negócio;4;14.6667;5.3;275;3
G01;(todas);G01-A12;1;Código;1;5.8333;11.2;52;0
G01;(todas);G01-A12;1;Design;2;28.5;54.8;52;0
G01;(todas);G01-A12;1;Documentação;3;14.0;26.9;52;0
G01;(todas);G01-A12;1;Negócio;4;3.6667;7.1;52;0
G01;(todas);G01-A13;1;Código;1;9.3333;38.9;24;0
G01;(todas);G01-A13;1;Design;2;4.0;16.7;24;0
G01;(todas);G01-A13;1;Documentação;3;8.8333;36.8;24;0
G01;(todas);G01-A13;1;Negócio;4;1.8333;7.6;24;0
G01;(todas);G01-A14;1;Código;1;38.5;80.2;48;2
G01;(todas);G01-A14;1;Design;2;1.0;2.1;48;2
G01;(todas);G01-A14;1;Documentação;3;6.5;13.5;48;2
G01;(todas);G01-A14;1;Negócio;4;2.0;4.2;48;2
G01;(todas);G01-A15;1;Código;1;28.8333;48.9;59;0
G01;(todas);G01-A15;1;Design;2;1.8333;3.1;59;0
G01;(todas);G01-A15;1;Documentação;3;24.6667;41.8;59;0
G01;(todas);G01-A15;1;Negócio;4;3.6667;6.2;59;0
G01;(todas);G01-A16;1;Código;1;14.0;50.0;28;1
G01;(todas);G01-A16;1;Design;2;4.5;16.1;28;1
G01;(todas);G01-A16;1;Documentação;3;8.5;30.4;28;1
G01;(todas);G01-A16;1;Negócio;4;1.0;3.6;28;1
G01;(todas);G01-A17;1;Código;1;43.5;90.6;48;0
G01;(todas);G01-A17;1;Design;2;0.0;0.0;48;0
G01;(todas);G01-A17;1;Documentação;3;4.0;8.3;48;0
G01;(todas);G01-A17;1;Negócio;4;0.5;1.0;48;0
G01;(todas);G01-A23;1;Código;1;5.5;34.4;16;0
G01;(todas);G01-A23;1;Design;2;1.0;6.3;16;0
G01;(todas);G01-A23;1;Documentação;3;7.5;46.9;16;0
G01;(todas);G01-A23;1;Negócio;4;2.0;12.5;16;0
G01;Sprint 01;(grupo);0;Código;1;8.8333;24.5;36;0
G01;Sprint 01;(grupo);0;Design;2;4.6667;13.0;36;0
G01;Sprint 01;(grupo);0;Documentação;3;15.5;43.1;36;0
G01;Sprint 01;(grupo);0;Negócio;4;7.0;19.4;36;0
G01;Sprint 01;G01-A12;1;Código;1;0.5;5.6;9;0
G01;Sprint 01;G01-A12;1;Design;2;1.8333;20.4;9;0
G01;Sprint 01;G01-A12;1;Documentação;3;5.8333;64.8;9;0
G01;Sprint 01;G01-A12;1;Negócio;4;0.8333;9.3;9;0
G01;Sprint 01;G01-A13;1;Código;1;1.3333;44.4;3;0
G01;Sprint 01;G01-A13;1;Design;2;0.0;0.0;3;0
G01;Sprint 01;G01-A13;1;Documentação;3;0.3333;11.1;3;0
G01;Sprint 01;G01-A13;1;Negócio;4;1.3333;44.4;3;0
G01;Sprint 01;G01-A14;1;Código;1;3.5;43.8;8;0
G01;Sprint 01;G01-A14;1;Design;2;0.5;6.3;8;0
G01;Sprint 01;G01-A14;1;Documentação;3;2.0;25.0;8;0
G01;Sprint 01;G01-A14;1;Negócio;4;2.0;25.0;8;0
G01;Sprint 01;G01-A15;1;Código;1;1.5;18.8;8;0
G01;Sprint 01;G01-A15;1;Design;2;1.3333;16.7;8;0
G01;Sprint 01;G01-A15;1;Documentação;3;4.8333;60.4;8;0
G01;Sprint 01;G01-A15;1;Negócio;4;0.3333;4.2;8;0
G01;Sprint 01;G01-A16;1;Código;1;1.0;100.0;1;0
G01;Sprint 01;G01-A16;1;Design;2;0.0;0.0;1;0
G01;Sprint 01;G01-A16;1;Documentação;3;0.0;0.0;1;0
G01;Sprint 01;G01-A16;1;Negócio;4;0.0;0.0;1;0
G01;Sprint 01;G01-A17;1;Código;1;1.0;25.0;4;0
G01;Sprint 01;G01-A17;1;Design;2;0.0;0.0;4;0
G01;Sprint 01;G01-A17;1;Documentação;3;2.5;62.5;4;0
G01;Sprint 01;G01-A17;1;Negócio;4;0.5;12.5;4;0
G01;Sprint 01;G01-A23;1;Código;1;0.0;0.0;3;0
G01;Sprint 01;G01-A23;1;Design;2;1.0;33.3;3;0
G01;Sprint 01;G01-A23;1;Documentação;3;0.0;0.0;3;0
G01;Sprint 01;G01-A23;1;Negócio;4;2.0;66.7;3;0
G01;Sprint 02;(grupo);0;Código;1;27.8333;55.7;50;2
G01;Sprint 02;(grupo);0;Design;2;15.3333;30.7;50;2
G01;Sprint 02;(grupo);0;Documentação;3;6.8333;13.7;50;2
G01;Sprint 02;(grupo);0;Negócio;4;0.0;0.0;50;2
G01;Sprint 02;G01-A12;1;Código;1;0.3333;3.7;9;0
G01;Sprint 02;G01-A12;1;Design;2;8.3333;92.6;9;0
G01;Sprint 02;G01-A12;1;Documentação;3;0.3333;3.7;9;0
G01;Sprint 02;G01-A12;1;Negócio;4;0.0;0.0;9;0
G01;Sprint 02;G01-A13;1;Código;1;0.0;0.0;4;0
G01;Sprint 02;G01-A13;1;Design;2;4.0;100.0;4;0
G01;Sprint 02;G01-A13;1;Documentação;3;0.0;0.0;4;0
G01;Sprint 02;G01-A13;1;Negócio;4;0.0;0.0;4;0
G01;Sprint 02;G01-A14;1;Código;1;6.5;72.2;9;2
G01;Sprint 02;G01-A14;1;Design;2;0.0;0.0;9;2
G01;Sprint 02;G01-A14;1;Documentação;3;2.5;27.8;9;2
G01;Sprint 02;G01-A14;1;Negócio;4;0.0;0.0;9;2
G01;Sprint 02;G01-A15;1;Código;1;7.0;87.5;8;0
G01;Sprint 02;G01-A15;1;Design;2;0.0;0.0;8;0
G01;Sprint 02;G01-A15;1;Documentação;3;1.0;12.5;8;0
G01;Sprint 02;G01-A15;1;Negócio;4;0.0;0.0;8;0
G01;Sprint 02;G01-A16;1;Código;1;0.0;0.0;3;0
G01;Sprint 02;G01-A16;1;Design;2;3.0;100.0;3;0
G01;Sprint 02;G01-A16;1;Documentação;3;0.0;0.0;3;0
G01;Sprint 02;G01-A16;1;Negócio;4;0.0;0.0;3;0
G01;Sprint 02;G01-A17;1;Código;1;9.0;90.0;10;0
G01;Sprint 02;G01-A17;1;Design;2;0.0;0.0;10;0
G01;Sprint 02;G01-A17;1;Documentação;3;1.0;10.0;10;0
G01;Sprint 02;G01-A17;1;Negócio;4;0.0;0.0;10;0
G01;Sprint 02;G01-A23;1;Código;1;5.0;71.4;7;0
G01;Sprint 02;G01-A23;1;Design;2;0.0;0.0;7;0
G01;Sprint 02;G01-A23;1;Documentação;3;2.0;28.6;7;0
G01;Sprint 02;G01-A23;1;Negócio;4;0.0;0.0;7;0
G01;Sprint 03;(grupo);0;Código;1;36.8333;61.4;60;0
G01;Sprint 03;(grupo);0;Design;2;12.5;20.8;60;0
G01;Sprint 03;(grupo);0;Documentação;3;9.8333;16.4;60;0
G01;Sprint 03;(grupo);0;Negócio;4;0.8333;1.4;60;0
G01;Sprint 03;G01-A12;1;Código;1;5.0;27.8;18;0
G01;Sprint 03;G01-A12;1;Design;2;12.0;66.7;18;0
G01;Sprint 03;G01-A12;1;Documentação;3;1.0;5.6;18;0
G01;Sprint 03;G01-A12;1;Negócio;4;0.0;0.0;18;0
G01;Sprint 03;G01-A13;1;Código;1;6.0;100.0;6;0
G01;Sprint 03;G01-A13;1;Design;2;0.0;0.0;6;0
G01;Sprint 03;G01-A13;1;Documentação;3;0.0;0.0;6;0
G01;Sprint 03;G01-A13;1;Negócio;4;0.0;0.0;6;0
G01;Sprint 03;G01-A14;1;Código;1;10.0;83.3;12;0
G01;Sprint 03;G01-A14;1;Design;2;0.0;0.0;12;0
G01;Sprint 03;G01-A14;1;Documentação;3;2.0;16.7;12;0
G01;Sprint 03;G01-A14;1;Negócio;4;0.0;0.0;12;0
G01;Sprint 03;G01-A15;1;Código;1;5.8333;64.8;9;0
G01;Sprint 03;G01-A15;1;Design;2;0.0;0.0;9;0
G01;Sprint 03;G01-A15;1;Documentação;3;2.8333;31.5;9;0
G01;Sprint 03;G01-A15;1;Negócio;4;0.3333;3.7;9;0
G01;Sprint 03;G01-A16;1;Código;1;0.0;0.0;3;0
G01;Sprint 03;G01-A16;1;Design;2;0.5;16.7;3;0
G01;Sprint 03;G01-A16;1;Documentação;3;2.0;66.7;3;0
G01;Sprint 03;G01-A16;1;Negócio;4;0.5;16.7;3;0
G01;Sprint 03;G01-A17;1;Código;1;9.5;95.0;10;0
G01;Sprint 03;G01-A17;1;Design;2;0.0;0.0;10;0
G01;Sprint 03;G01-A17;1;Documentação;3;0.5;5.0;10;0
G01;Sprint 03;G01-A17;1;Negócio;4;0.0;0.0;10;0
G01;Sprint 03;G01-A23;1;Código;1;0.5;25.0;2;0
G01;Sprint 03;G01-A23;1;Design;2;0.0;0.0;2;0
G01;Sprint 03;G01-A23;1;Documentação;3;1.5;75.0;2;0
G01;Sprint 03;G01-A23;1;Negócio;4;0.0;0.0;2;0
G01;Sprint 04;(grupo);0;Código;1;17.0;50.0;34;0
G01;Sprint 04;(grupo);0;Design;2;0.8333;2.5;34;0
G01;Sprint 04;(grupo);0;Documentação;3;12.8333;37.7;34;0
G01;Sprint 04;(grupo);0;Negócio;4;3.3333;9.8;34;0
G01;Sprint 04;G01-A12;1;Código;1;0.0;0.0;6;0
G01;Sprint 04;G01-A12;1;Design;2;0.3333;5.6;6;0
G01;Sprint 04;G01-A12;1;Documentação;3;2.8333;47.2;6;0
G01;Sprint 04;G01-A12;1;Negócio;4;2.8333;47.2;6;0
G01;Sprint 04;G01-A13;1;Código;1;1.0;50.0;2;0
G01;Sprint 04;G01-A13;1;Design;2;0.0;0.0;2;0
G01;Sprint 04;G01-A13;1;Documentação;3;1.0;50.0;2;0
G01;Sprint 04;G01-A13;1;Negócio;4;0.0;0.0;2;0
G01;Sprint 04;G01-A14;1;Código;1;4.5;90.0;5;0
G01;Sprint 04;G01-A14;1;Design;2;0.5;10.0;5;0
G01;Sprint 04;G01-A14;1;Documentação;3;0.0;0.0;5;0
G01;Sprint 04;G01-A14;1;Negócio;4;0.0;0.0;5;0
G01;Sprint 04;G01-A15;1;Código;1;4.5;40.9;11;0
G01;Sprint 04;G01-A15;1;Design;2;0.0;0.0;11;0
G01;Sprint 04;G01-A15;1;Documentação;3;6.0;54.5;11;0
G01;Sprint 04;G01-A15;1;Negócio;4;0.5;4.5;11;0
G01;Sprint 04;G01-A16;1;Código;1;1.0;50.0;2;0
G01;Sprint 04;G01-A16;1;Design;2;0.0;0.0;2;0
G01;Sprint 04;G01-A16;1;Documentação;3;1.0;50.0;2;0
G01;Sprint 04;G01-A16;1;Negócio;4;0.0;0.0;2;0
G01;Sprint 04;G01-A17;1;Código;1;6.0;100.0;6;0
G01;Sprint 04;G01-A17;1;Design;2;0.0;0.0;6;0
G01;Sprint 04;G01-A17;1;Documentação;3;0.0;0.0;6;0
G01;Sprint 04;G01-A17;1;Negócio;4;0.0;0.0;6;0
G01;Sprint 04;G01-A23;1;Código;1;0.0;0.0;2;0
G01;Sprint 04;G01-A23;1;Design;2;0.0;0.0;2;0
G01;Sprint 04;G01-A23;1;Documentação;3;2.0;100.0;2;0
G01;Sprint 04;G01-A23;1;Negócio;4;0.0;0.0;2;0
G01;Sprint 05;(grupo);0;Código;1;47.5;58.6;81;0
G01;Sprint 05;(grupo);0;Design;2;6.0;7.4;81;0
G01;Sprint 05;(grupo);0;Documentação;3;25.0;30.9;81;0
G01;Sprint 05;(grupo);0;Negócio;4;2.5;3.1;81;0
G01;Sprint 05;G01-A12;1;Código;1;0.0;0.0;10;0
G01;Sprint 05;G01-A12;1;Design;2;6.0;60.0;10;0
G01;Sprint 05;G01-A12;1;Documentação;3;4.0;40.0;10;0
G01;Sprint 05;G01-A12;1;Negócio;4;0.0;0.0;10;0
G01;Sprint 05;G01-A13;1;Código;1;1.0;14.3;7;0
G01;Sprint 05;G01-A13;1;Design;2;0.0;0.0;7;0
G01;Sprint 05;G01-A13;1;Documentação;3;6.0;85.7;7;0
G01;Sprint 05;G01-A13;1;Negócio;4;0.0;0.0;7;0
G01;Sprint 05;G01-A14;1;Código;1;14.0;100.0;14;0
G01;Sprint 05;G01-A14;1;Design;2;0.0;0.0;14;0
G01;Sprint 05;G01-A14;1;Documentação;3;0.0;0.0;14;0
G01;Sprint 05;G01-A14;1;Negócio;4;0.0;0.0;14;0
G01;Sprint 05;G01-A15;1;Código;1;3.5;25.0;14;0
G01;Sprint 05;G01-A15;1;Design;2;0.0;0.0;14;0
G01;Sprint 05;G01-A15;1;Documentação;3;8.0;57.1;14;0
G01;Sprint 05;G01-A15;1;Negócio;4;2.5;17.9;14;0
G01;Sprint 05;G01-A16;1;Código;1;12.0;70.6;17;0
G01;Sprint 05;G01-A16;1;Design;2;0.0;0.0;17;0
G01;Sprint 05;G01-A16;1;Documentação;3;5.0;29.4;17;0
G01;Sprint 05;G01-A16;1;Negócio;4;0.0;0.0;17;0
G01;Sprint 05;G01-A17;1;Código;1;17.0;100.0;17;0
G01;Sprint 05;G01-A17;1;Design;2;0.0;0.0;17;0
G01;Sprint 05;G01-A17;1;Documentação;3;0.0;0.0;17;0
G01;Sprint 05;G01-A17;1;Negócio;4;0.0;0.0;17;0
G01;Sprint 05;G01-A23;1;Código;1;0.0;0.0;2;0
G01;Sprint 05;G01-A23;1;Design;2;0.0;0.0;2;0
G01;Sprint 05;G01-A23;1;Documentação;3;2.0;100.0;2;0
G01;Sprint 05;G01-A23;1;Negócio;4;0.0;0.0;2;0
G02;(todas);(grupo);0;Código;1;110.5;25.2;438;12
G02;(todas);(grupo);0;Design;2;50.5;11.5;438;12
G02;(todas);(grupo);0;Documentação;3;264.5;60.4;438;12
G02;(todas);(grupo);0;Negócio;4;12.5;2.9;438;12
G02;(todas);G02-A12;1;Código;1;15.0;12.9;116;5
G02;(todas);G02-A12;1;Design;2;17.5;15.1;116;5
G02;(todas);G02-A12;1;Documentação;3;79.5;68.5;116;5
G02;(todas);G02-A12;1;Negócio;4;4.0;3.4;116;5
G02;(todas);G02-A13;1;Código;1;2.0;4.7;43;0
G02;(todas);G02-A13;1;Design;2;8.5;19.8;43;0
G02;(todas);G02-A13;1;Documentação;3;30.5;70.9;43;0
G02;(todas);G02-A13;1;Negócio;4;2.0;4.7;43;0
G02;(todas);G02-A14;1;Código;1;10.0;34.5;29;1
G02;(todas);G02-A14;1;Design;2;0.0;0.0;29;1
G02;(todas);G02-A14;1;Documentação;3;19.0;65.5;29;1
G02;(todas);G02-A14;1;Negócio;4;0.0;0.0;29;1
G02;(todas);G02-A15;1;Código;1;38.5;57.5;67;1
G02;(todas);G02-A15;1;Design;2;6.0;9.0;67;1
G02;(todas);G02-A15;1;Documentação;3;21.0;31.3;67;1
G02;(todas);G02-A15;1;Negócio;4;1.5;2.2;67;1
G02;(todas);G02-A16;1;Código;1;32.0;55.2;58;2
G02;(todas);G02-A16;1;Design;2;1.0;1.7;58;2
G02;(todas);G02-A16;1;Documentação;3;23.0;39.7;58;2
G02;(todas);G02-A16;1;Negócio;4;2.0;3.4;58;2
G02;(todas);G02-A18;1;Código;1;4.0;8.5;47;0
G02;(todas);G02-A18;1;Design;2;15.5;33.0;47;0
G02;(todas);G02-A18;1;Documentação;3;26.5;56.4;47;0
G02;(todas);G02-A18;1;Negócio;4;1.0;2.1;47;0
G02;(todas);G02-A19;1;Código;1;9.0;11.5;78;3
G02;(todas);G02-A19;1;Design;2;2.0;2.6;78;3
G02;(todas);G02-A19;1;Documentação;3;65.0;83.3;78;3
G02;(todas);G02-A19;1;Negócio;4;2.0;2.6;78;3
G02;Sprint 01;(grupo);0;Código;1;0.0;0.0;57;3
G02;Sprint 01;(grupo);0;Design;2;8.0;14.0;57;3
G02;Sprint 01;(grupo);0;Documentação;3;46.0;80.7;57;3
G02;Sprint 01;(grupo);0;Negócio;4;3.0;5.3;57;3
G02;Sprint 01;G02-A12;1;Código;1;0.0;0.0;23;3
G02;Sprint 01;G02-A12;1;Design;2;4.5;19.6;23;3
G02;Sprint 01;G02-A12;1;Documentação;3;17.5;76.1;23;3
G02;Sprint 01;G02-A12;1;Negócio;4;1.0;4.3;23;3
G02;Sprint 01;G02-A13;1;Código;1;0.0;0.0;4;0
G02;Sprint 01;G02-A13;1;Design;2;0.0;0.0;4;0
G02;Sprint 01;G02-A13;1;Documentação;3;4.0;100.0;4;0
G02;Sprint 01;G02-A13;1;Negócio;4;0.0;0.0;4;0
G02;Sprint 01;G02-A14;1;Código;1;0.0;0.0;3;0
G02;Sprint 01;G02-A14;1;Design;2;0.0;0.0;3;0
G02;Sprint 01;G02-A14;1;Documentação;3;3.0;100.0;3;0
G02;Sprint 01;G02-A14;1;Negócio;4;0.0;0.0;3;0
G02;Sprint 01;G02-A15;1;Código;1;0.0;0.0;6;0
G02;Sprint 01;G02-A15;1;Design;2;0.0;0.0;6;0
G02;Sprint 01;G02-A15;1;Documentação;3;5.0;83.3;6;0
G02;Sprint 01;G02-A15;1;Negócio;4;1.0;16.7;6;0
G02;Sprint 01;G02-A16;1;Código;1;0.0;0.0;2;0
G02;Sprint 01;G02-A16;1;Design;2;0.0;0.0;2;0
G02;Sprint 01;G02-A16;1;Documentação;3;1.0;50.0;2;0
G02;Sprint 01;G02-A16;1;Negócio;4;1.0;50.0;2;0
G02;Sprint 01;G02-A18;1;Código;1;0.0;0.0;7;0
G02;Sprint 01;G02-A18;1;Design;2;3.5;50.0;7;0
G02;Sprint 01;G02-A18;1;Documentação;3;3.5;50.0;7;0
G02;Sprint 01;G02-A18;1;Negócio;4;0.0;0.0;7;0
G02;Sprint 01;G02-A19;1;Código;1;0.0;0.0;12;0
G02;Sprint 01;G02-A19;1;Design;2;0.0;0.0;12;0
G02;Sprint 01;G02-A19;1;Documentação;3;12.0;100.0;12;0
G02;Sprint 01;G02-A19;1;Negócio;4;0.0;0.0;12;0
G02;Sprint 02;(grupo);0;Código;1;1.0;1.4;72;2
G02;Sprint 02;(grupo);0;Design;2;5.5;7.6;72;2
G02;Sprint 02;(grupo);0;Documentação;3;63.5;88.2;72;2
G02;Sprint 02;(grupo);0;Negócio;4;2.0;2.8;72;2
G02;Sprint 02;G02-A12;1;Código;1;0.0;0.0;23;0
G02;Sprint 02;G02-A12;1;Design;2;1.0;4.3;23;0
G02;Sprint 02;G02-A12;1;Documentação;3;22.0;95.7;23;0
G02;Sprint 02;G02-A12;1;Negócio;4;0.0;0.0;23;0
G02;Sprint 02;G02-A13;1;Código;1;0.0;0.0;12;0
G02;Sprint 02;G02-A13;1;Design;2;0.0;0.0;12;0
G02;Sprint 02;G02-A13;1;Documentação;3;11.0;91.7;12;0
G02;Sprint 02;G02-A13;1;Negócio;4;1.0;8.3;12;0
G02;Sprint 02;G02-A14;1;Código;1;0.0;0.0;6;0
G02;Sprint 02;G02-A14;1;Design;2;0.0;0.0;6;0
G02;Sprint 02;G02-A14;1;Documentação;3;6.0;100.0;6;0
G02;Sprint 02;G02-A14;1;Negócio;4;0.0;0.0;6;0
G02;Sprint 02;G02-A15;1;Código;1;0.0;0.0;7;1
G02;Sprint 02;G02-A15;1;Design;2;4.5;64.3;7;1
G02;Sprint 02;G02-A15;1;Documentação;3;2.5;35.7;7;1
G02;Sprint 02;G02-A15;1;Negócio;4;0.0;0.0;7;1
G02;Sprint 02;G02-A16;1;Código;1;0.0;0.0;7;0
G02;Sprint 02;G02-A16;1;Design;2;0.0;0.0;7;0
G02;Sprint 02;G02-A16;1;Documentação;3;7.0;100.0;7;0
G02;Sprint 02;G02-A16;1;Negócio;4;0.0;0.0;7;0
G02;Sprint 02;G02-A18;1;Código;1;0.0;0.0;6;0
G02;Sprint 02;G02-A18;1;Design;2;0.0;0.0;6;0
G02;Sprint 02;G02-A18;1;Documentação;3;5.0;83.3;6;0
G02;Sprint 02;G02-A18;1;Negócio;4;1.0;16.7;6;0
G02;Sprint 02;G02-A19;1;Código;1;1.0;9.1;11;1
G02;Sprint 02;G02-A19;1;Design;2;0.0;0.0;11;1
G02;Sprint 02;G02-A19;1;Documentação;3;10.0;90.9;11;1
G02;Sprint 02;G02-A19;1;Negócio;4;0.0;0.0;11;1
G02;Sprint 03;(grupo);0;Código;1;18.5;19.5;95;0
G02;Sprint 03;(grupo);0;Design;2;23.5;24.7;95;0
G02;Sprint 03;(grupo);0;Documentação;3;51.0;53.7;95;0
G02;Sprint 03;(grupo);0;Negócio;4;2.0;2.1;95;0
G02;Sprint 03;G02-A12;1;Código;1;2.5;8.3;30;0
G02;Sprint 03;G02-A12;1;Design;2;6.0;20.0;30;0
G02;Sprint 03;G02-A12;1;Documentação;3;21.5;71.7;30;0
G02;Sprint 03;G02-A12;1;Negócio;4;0.0;0.0;30;0
G02;Sprint 03;G02-A13;1;Código;1;1.0;14.3;7;0
G02;Sprint 03;G02-A13;1;Design;2;6.0;85.7;7;0
G02;Sprint 03;G02-A13;1;Documentação;3;0.0;0.0;7;0
G02;Sprint 03;G02-A13;1;Negócio;4;0.0;0.0;7;0
G02;Sprint 03;G02-A14;1;Código;1;4.0;66.7;6;0
G02;Sprint 03;G02-A14;1;Design;2;0.0;0.0;6;0
G02;Sprint 03;G02-A14;1;Documentação;3;2.0;33.3;6;0
G02;Sprint 03;G02-A14;1;Negócio;4;0.0;0.0;6;0
G02;Sprint 03;G02-A15;1;Código;1;8.0;66.7;12;0
G02;Sprint 03;G02-A15;1;Design;2;0.5;4.2;12;0
G02;Sprint 03;G02-A15;1;Documentação;3;3.5;29.2;12;0
G02;Sprint 03;G02-A15;1;Negócio;4;0.0;0.0;12;0
G02;Sprint 03;G02-A16;1;Código;1;1.0;14.3;7;0
G02;Sprint 03;G02-A16;1;Design;2;0.0;0.0;7;0
G02;Sprint 03;G02-A16;1;Documentação;3;6.0;85.7;7;0
G02;Sprint 03;G02-A16;1;Negócio;4;0.0;0.0;7;0
G02;Sprint 03;G02-A18;1;Código;1;0.0;0.0;11;0
G02;Sprint 03;G02-A18;1;Design;2;10.0;90.9;11;0
G02;Sprint 03;G02-A18;1;Documentação;3;1.0;9.1;11;0
G02;Sprint 03;G02-A18;1;Negócio;4;0.0;0.0;11;0
G02;Sprint 03;G02-A19;1;Código;1;2.0;9.1;22;0
G02;Sprint 03;G02-A19;1;Design;2;1.0;4.5;22;0
G02;Sprint 03;G02-A19;1;Documentação;3;17.0;77.3;22;0
G02;Sprint 03;G02-A19;1;Negócio;4;2.0;9.1;22;0
G02;Sprint 04;(grupo);0;Código;1;43.5;49.4;88;2
G02;Sprint 04;(grupo);0;Design;2;6.0;6.8;88;2
G02;Sprint 04;(grupo);0;Documentação;3;37.5;42.6;88;2
G02;Sprint 04;(grupo);0;Negócio;4;1.0;1.1;88;2
G02;Sprint 04;G02-A12;1;Código;1;8.5;40.5;21;1
G02;Sprint 04;G02-A12;1;Design;2;3.0;14.3;21;1
G02;Sprint 04;G02-A12;1;Documentação;3;9.5;45.2;21;1
G02;Sprint 04;G02-A12;1;Negócio;4;0.0;0.0;21;1
G02;Sprint 04;G02-A13;1;Código;1;0.5;8.3;6;0
G02;Sprint 04;G02-A13;1;Design;2;1.0;16.7;6;0
G02;Sprint 04;G02-A13;1;Documentação;3;4.5;75.0;6;0
G02;Sprint 04;G02-A13;1;Negócio;4;0.0;0.0;6;0
G02;Sprint 04;G02-A14;1;Código;1;0.0;0.0;4;0
G02;Sprint 04;G02-A14;1;Design;2;0.0;0.0;4;0
G02;Sprint 04;G02-A14;1;Documentação;3;4.0;100.0;4;0
G02;Sprint 04;G02-A14;1;Negócio;4;0.0;0.0;4;0
G02;Sprint 04;G02-A15;1;Código;1;11.5;71.9;16;0
G02;Sprint 04;G02-A15;1;Design;2;0.5;3.1;16;0
G02;Sprint 04;G02-A15;1;Documentação;3;3.5;21.9;16;0
G02;Sprint 04;G02-A15;1;Negócio;4;0.5;3.1;16;0
G02;Sprint 04;G02-A16;1;Código;1;14.0;82.4;17;0
G02;Sprint 04;G02-A16;1;Design;2;0.5;2.9;17;0
G02;Sprint 04;G02-A16;1;Documentação;3;2.0;11.8;17;0
G02;Sprint 04;G02-A16;1;Negócio;4;0.5;2.9;17;0
G02;Sprint 04;G02-A18;1;Código;1;4.0;36.4;11;0
G02;Sprint 04;G02-A18;1;Design;2;0.0;0.0;11;0
G02;Sprint 04;G02-A18;1;Documentação;3;7.0;63.6;11;0
G02;Sprint 04;G02-A18;1;Negócio;4;0.0;0.0;11;0
G02;Sprint 04;G02-A19;1;Código;1;5.0;38.5;13;1
G02;Sprint 04;G02-A19;1;Design;2;1.0;7.7;13;1
G02;Sprint 04;G02-A19;1;Documentação;3;7.0;53.8;13;1
G02;Sprint 04;G02-A19;1;Negócio;4;0.0;0.0;13;1
G02;Sprint 05;(grupo);0;Código;1;45.5;38.9;117;3
G02;Sprint 05;(grupo);0;Design;2;6.0;5.1;117;3
G02;Sprint 05;(grupo);0;Documentação;3;61.5;52.6;117;3
G02;Sprint 05;(grupo);0;Negócio;4;4.0;3.4;117;3
G02;Sprint 05;G02-A12;1;Código;1;3.0;17.6;17;1
G02;Sprint 05;G02-A12;1;Design;2;2.0;11.8;17;1
G02;Sprint 05;G02-A12;1;Documentação;3;9.0;52.9;17;1
G02;Sprint 05;G02-A12;1;Negócio;4;3.0;17.6;17;1
G02;Sprint 05;G02-A13;1;Código;1;0.5;4.5;11;0
G02;Sprint 05;G02-A13;1;Design;2;1.5;13.6;11;0
G02;Sprint 05;G02-A13;1;Documentação;3;8.0;72.7;11;0
G02;Sprint 05;G02-A13;1;Negócio;4;1.0;9.1;11;0
G02;Sprint 05;G02-A14;1;Código;1;6.0;66.7;9;0
G02;Sprint 05;G02-A14;1;Design;2;0.0;0.0;9;0
G02;Sprint 05;G02-A14;1;Documentação;3;3.0;33.3;9;0
G02;Sprint 05;G02-A14;1;Negócio;4;0.0;0.0;9;0
G02;Sprint 05;G02-A15;1;Código;1;19.0;73.1;26;0
G02;Sprint 05;G02-A15;1;Design;2;0.5;1.9;26;0
G02;Sprint 05;G02-A15;1;Documentação;3;6.5;25.0;26;0
G02;Sprint 05;G02-A15;1;Negócio;4;0.0;0.0;26;0
G02;Sprint 05;G02-A16;1;Código;1;16.0;69.6;23;2
G02;Sprint 05;G02-A16;1;Design;2;0.0;0.0;23;2
G02;Sprint 05;G02-A16;1;Documentação;3;7.0;30.4;23;2
G02;Sprint 05;G02-A16;1;Negócio;4;0.0;0.0;23;2
G02;Sprint 05;G02-A18;1;Código;1;0.0;0.0;12;0
G02;Sprint 05;G02-A18;1;Design;2;2.0;16.7;12;0
G02;Sprint 05;G02-A18;1;Documentação;3;10.0;83.3;12;0
G02;Sprint 05;G02-A18;1;Negócio;4;0.0;0.0;12;0
G02;Sprint 05;G02-A19;1;Código;1;1.0;5.3;19;0
G02;Sprint 05;G02-A19;1;Design;2;0.0;0.0;19;0
G02;Sprint 05;G02-A19;1;Documentação;3;18.0;94.7;19;0
G02;Sprint 05;G02-A19;1;Negócio;4;0.0;0.0;19;0
G03;(todas);(grupo);0;Código;1;95.0;22.8;417;21
G03;(todas);(grupo);0;Design;2;64.5;15.5;417;21
G03;(todas);(grupo);0;Documentação;3;257.5;61.8;417;21
G03;(todas);(grupo);0;Negócio;4;0.0;0.0;417;21
G03;(todas);G03-A12;1;Código;1;33.0;36.7;90;2
G03;(todas);G03-A12;1;Design;2;0.5;0.6;90;2
G03;(todas);G03-A12;1;Documentação;3;56.5;62.8;90;2
G03;(todas);G03-A12;1;Negócio;4;0.0;0.0;90;2
G03;(todas);G03-A13;1;Código;1;0.0;0.0;12;4
G03;(todas);G03-A13;1;Design;2;2.0;16.7;12;4
G03;(todas);G03-A13;1;Documentação;3;10.0;83.3;12;4
G03;(todas);G03-A13;1;Negócio;4;0.0;0.0;12;4
G03;(todas);G03-A14;1;Código;1;6.0;17.6;34;1
G03;(todas);G03-A14;1;Design;2;0.0;0.0;34;1
G03;(todas);G03-A14;1;Documentação;3;28.0;82.4;34;1
G03;(todas);G03-A14;1;Negócio;4;0.0;0.0;34;1
G03;(todas);G03-A15;1;Código;1;41.5;29.6;140;1
G03;(todas);G03-A15;1;Design;2;39.0;27.9;140;1
G03;(todas);G03-A15;1;Documentação;3;59.5;42.5;140;1
G03;(todas);G03-A15;1;Negócio;4;0.0;0.0;140;1
G03;(todas);G03-A16;1;Código;1;7.0;10.3;68;2
G03;(todas);G03-A16;1;Design;2;18.0;26.5;68;2
G03;(todas);G03-A16;1;Documentação;3;43.0;63.2;68;2
G03;(todas);G03-A16;1;Negócio;4;0.0;0.0;68;2
G03;(todas);G03-A18;1;Código;1;6.0;12.2;49;10
G03;(todas);G03-A18;1;Design;2;2.0;4.1;49;10
G03;(todas);G03-A18;1;Documentação;3;41.0;83.7;49;10
G03;(todas);G03-A18;1;Negócio;4;0.0;0.0;49;10
G03;(todas);G03-A19;1;Código;1;1.5;6.3;24;1
G03;(todas);G03-A19;1;Design;2;3.0;12.5;24;1
G03;(todas);G03-A19;1;Documentação;3;19.5;81.3;24;1
G03;(todas);G03-A19;1;Negócio;4;0.0;0.0;24;1
G03;Sprint 01;(grupo);0;Código;1;2.5;5.4;46;7
G03;Sprint 01;(grupo);0;Design;2;2.0;4.3;46;7
G03;Sprint 01;(grupo);0;Documentação;3;41.5;90.2;46;7
G03;Sprint 01;(grupo);0;Negócio;4;0.0;0.0;46;7
G03;Sprint 01;G03-A12;1;Código;1;0.0;0.0;9;1
G03;Sprint 01;G03-A12;1;Design;2;0.0;0.0;9;1
G03;Sprint 01;G03-A12;1;Documentação;3;9.0;100.0;9;1
G03;Sprint 01;G03-A12;1;Negócio;4;0.0;0.0;9;1
G03;Sprint 01;G03-A13;1;Código;1;0.0;0.0;2;1
G03;Sprint 01;G03-A13;1;Design;2;1.0;50.0;2;1
G03;Sprint 01;G03-A13;1;Documentação;3;1.0;50.0;2;1
G03;Sprint 01;G03-A13;1;Negócio;4;0.0;0.0;2;1
G03;Sprint 01;G03-A14;1;Código;1;0.0;0.0;9;1
G03;Sprint 01;G03-A14;1;Design;2;0.0;0.0;9;1
G03;Sprint 01;G03-A14;1;Documentação;3;9.0;100.0;9;1
G03;Sprint 01;G03-A14;1;Negócio;4;0.0;0.0;9;1
G03;Sprint 01;G03-A15;1;Código;1;1.0;7.7;13;1
G03;Sprint 01;G03-A15;1;Design;2;0.0;0.0;13;1
G03;Sprint 01;G03-A15;1;Documentação;3;12.0;92.3;13;1
G03;Sprint 01;G03-A15;1;Negócio;4;0.0;0.0;13;1
G03;Sprint 01;G03-A16;1;Código;1;1.5;30.0;5;1
G03;Sprint 01;G03-A16;1;Design;2;1.0;20.0;5;1
G03;Sprint 01;G03-A16;1;Documentação;3;2.5;50.0;5;1
G03;Sprint 01;G03-A16;1;Negócio;4;0.0;0.0;5;1
G03;Sprint 01;G03-A18;1;Código;1;0.0;0.0;4;1
G03;Sprint 01;G03-A18;1;Design;2;0.0;0.0;4;1
G03;Sprint 01;G03-A18;1;Documentação;3;4.0;100.0;4;1
G03;Sprint 01;G03-A18;1;Negócio;4;0.0;0.0;4;1
G03;Sprint 01;G03-A19;1;Código;1;0.0;0.0;4;1
G03;Sprint 01;G03-A19;1;Design;2;0.0;0.0;4;1
G03;Sprint 01;G03-A19;1;Documentação;3;4.0;100.0;4;1
G03;Sprint 01;G03-A19;1;Negócio;4;0.0;0.0;4;1
G03;Sprint 02;(grupo);0;Código;1;1.0;1.5;67;8
G03;Sprint 02;(grupo);0;Design;2;25.5;38.1;67;8
G03;Sprint 02;(grupo);0;Documentação;3;40.5;60.4;67;8
G03;Sprint 02;(grupo);0;Negócio;4;0.0;0.0;67;8
G03;Sprint 02;G03-A12;1;Código;1;0.0;0.0;13;0
G03;Sprint 02;G03-A12;1;Design;2;0.5;3.8;13;0
G03;Sprint 02;G03-A12;1;Documentação;3;12.5;96.2;13;0
G03;Sprint 02;G03-A12;1;Negócio;4;0.0;0.0;13;0
G03;Sprint 02;G03-A13;1;Código;1;0.0;0.0;5;3
G03;Sprint 02;G03-A13;1;Design;2;1.0;20.0;5;3
G03;Sprint 02;G03-A13;1;Documentação;3;4.0;80.0;5;3
G03;Sprint 02;G03-A13;1;Negócio;4;0.0;0.0;5;3
G03;Sprint 02;G03-A14;1;Código;1;0.0;0.0;4;0
G03;Sprint 02;G03-A14;1;Design;2;0.0;0.0;4;0
G03;Sprint 02;G03-A14;1;Documentação;3;4.0;100.0;4;0
G03;Sprint 02;G03-A14;1;Negócio;4;0.0;0.0;4;0
G03;Sprint 02;G03-A15;1;Código;1;1.0;3.8;26;0
G03;Sprint 02;G03-A15;1;Design;2;17.0;65.4;26;0
G03;Sprint 02;G03-A15;1;Documentação;3;8.0;30.8;26;0
G03;Sprint 02;G03-A15;1;Negócio;4;0.0;0.0;26;0
G03;Sprint 02;G03-A16;1;Código;1;0.0;0.0;9;1
G03;Sprint 02;G03-A16;1;Design;2;5.0;55.6;9;1
G03;Sprint 02;G03-A16;1;Documentação;3;4.0;44.4;9;1
G03;Sprint 02;G03-A16;1;Negócio;4;0.0;0.0;9;1
G03;Sprint 02;G03-A18;1;Código;1;0.0;0.0;7;4
G03;Sprint 02;G03-A18;1;Design;2;0.0;0.0;7;4
G03;Sprint 02;G03-A18;1;Documentação;3;7.0;100.0;7;4
G03;Sprint 02;G03-A18;1;Negócio;4;0.0;0.0;7;4
G03;Sprint 02;G03-A19;1;Código;1;0.0;0.0;3;0
G03;Sprint 02;G03-A19;1;Design;2;2.0;66.7;3;0
G03;Sprint 02;G03-A19;1;Documentação;3;1.0;33.3;3;0
G03;Sprint 02;G03-A19;1;Negócio;4;0.0;0.0;3;0
G03;Sprint 03;(grupo);0;Código;1;5.5;5.2;105;1
G03;Sprint 03;(grupo);0;Design;2;33.0;31.4;105;1
G03;Sprint 03;(grupo);0;Documentação;3;66.5;63.3;105;1
G03;Sprint 03;(grupo);0;Negócio;4;0.0;0.0;105;1
G03;Sprint 03;G03-A12;1;Código;1;2.0;6.9;29;0
G03;Sprint 03;G03-A12;1;Design;2;0.0;0.0;29;0
G03;Sprint 03;G03-A12;1;Documentação;3;27.0;93.1;29;0
G03;Sprint 03;G03-A12;1;Negócio;4;0.0;0.0;29;0
G03;Sprint 03;G03-A13;1;Código;1;0.0;0.0;2;0
G03;Sprint 03;G03-A13;1;Design;2;0.0;0.0;2;0
G03;Sprint 03;G03-A13;1;Documentação;3;2.0;100.0;2;0
G03;Sprint 03;G03-A13;1;Negócio;4;0.0;0.0;2;0
G03;Sprint 03;G03-A14;1;Código;1;0.0;0.0;5;0
G03;Sprint 03;G03-A14;1;Design;2;0.0;0.0;5;0
G03;Sprint 03;G03-A14;1;Documentação;3;5.0;100.0;5;0
G03;Sprint 03;G03-A14;1;Negócio;4;0.0;0.0;5;0
G03;Sprint 03;G03-A15;1;Código;1;1.5;5.6;27;0
G03;Sprint 03;G03-A15;1;Design;2;20.0;74.1;27;0
G03;Sprint 03;G03-A15;1;Documentação;3;5.5;20.4;27;0
G03;Sprint 03;G03-A15;1;Negócio;4;0.0;0.0;27;0
G03;Sprint 03;G03-A16;1;Código;1;0.0;0.0;18;0
G03;Sprint 03;G03-A16;1;Design;2;10.0;55.6;18;0
G03;Sprint 03;G03-A16;1;Documentação;3;8.0;44.4;18;0
G03;Sprint 03;G03-A16;1;Negócio;4;0.0;0.0;18;0
G03;Sprint 03;G03-A18;1;Código;1;1.0;5.6;18;1
G03;Sprint 03;G03-A18;1;Design;2;2.0;11.1;18;1
G03;Sprint 03;G03-A18;1;Documentação;3;15.0;83.3;18;1
G03;Sprint 03;G03-A18;1;Negócio;4;0.0;0.0;18;1
G03;Sprint 03;G03-A19;1;Código;1;1.0;16.7;6;0
G03;Sprint 03;G03-A19;1;Design;2;1.0;16.7;6;0
G03;Sprint 03;G03-A19;1;Documentação;3;4.0;66.7;6;0
G03;Sprint 03;G03-A19;1;Negócio;4;0.0;0.0;6;0
G03;Sprint 04;(grupo);0;Código;1;45.0;45.5;99;0
G03;Sprint 04;(grupo);0;Design;2;1.0;1.0;99;0
G03;Sprint 04;(grupo);0;Documentação;3;53.0;53.5;99;0
G03;Sprint 04;(grupo);0;Negócio;4;0.0;0.0;99;0
G03;Sprint 04;G03-A12;1;Código;1;6.0;75.0;8;0
G03;Sprint 04;G03-A12;1;Design;2;0.0;0.0;8;0
G03;Sprint 04;G03-A12;1;Documentação;3;2.0;25.0;8;0
G03;Sprint 04;G03-A12;1;Negócio;4;0.0;0.0;8;0
G03;Sprint 04;G03-A13;1;Código;1;0.0;0.0;1;0
G03;Sprint 04;G03-A13;1;Design;2;0.0;0.0;1;0
G03;Sprint 04;G03-A13;1;Documentação;3;1.0;100.0;1;0
G03;Sprint 04;G03-A13;1;Negócio;4;0.0;0.0;1;0
G03;Sprint 04;G03-A14;1;Código;1;3.0;33.3;9;0
G03;Sprint 04;G03-A14;1;Design;2;0.0;0.0;9;0
G03;Sprint 04;G03-A14;1;Documentação;3;6.0;66.7;9;0
G03;Sprint 04;G03-A14;1;Negócio;4;0.0;0.0;9;0
G03;Sprint 04;G03-A15;1;Código;1;30.0;68.2;44;0
G03;Sprint 04;G03-A15;1;Design;2;1.0;2.3;44;0
G03;Sprint 04;G03-A15;1;Documentação;3;13.0;29.5;44;0
G03;Sprint 04;G03-A15;1;Negócio;4;0.0;0.0;44;0
G03;Sprint 04;G03-A16;1;Código;1;1.0;5.9;17;0
G03;Sprint 04;G03-A16;1;Design;2;0.0;0.0;17;0
G03;Sprint 04;G03-A16;1;Documentação;3;16.0;94.1;17;0
G03;Sprint 04;G03-A16;1;Negócio;4;0.0;0.0;17;0
G03;Sprint 04;G03-A18;1;Código;1;5.0;35.7;14;0
G03;Sprint 04;G03-A18;1;Design;2;0.0;0.0;14;0
G03;Sprint 04;G03-A18;1;Documentação;3;9.0;64.3;14;0
G03;Sprint 04;G03-A18;1;Negócio;4;0.0;0.0;14;0
G03;Sprint 04;G03-A19;1;Código;1;0.0;0.0;6;0
G03;Sprint 04;G03-A19;1;Design;2;0.0;0.0;6;0
G03;Sprint 04;G03-A19;1;Documentação;3;6.0;100.0;6;0
G03;Sprint 04;G03-A19;1;Negócio;4;0.0;0.0;6;0
G03;Sprint 05;(grupo);0;Código;1;32.0;36.8;87;5
G03;Sprint 05;(grupo);0;Design;2;1.0;1.1;87;5
G03;Sprint 05;(grupo);0;Documentação;3;54.0;62.1;87;5
G03;Sprint 05;(grupo);0;Negócio;4;0.0;0.0;87;5
G03;Sprint 05;G03-A12;1;Código;1;16.0;76.2;21;1
G03;Sprint 05;G03-A12;1;Design;2;0.0;0.0;21;1
G03;Sprint 05;G03-A12;1;Documentação;3;5.0;23.8;21;1
G03;Sprint 05;G03-A12;1;Negócio;4;0.0;0.0;21;1
G03;Sprint 05;G03-A13;1;Código;1;0.0;0.0;2;0
G03;Sprint 05;G03-A13;1;Design;2;0.0;0.0;2;0
G03;Sprint 05;G03-A13;1;Documentação;3;2.0;100.0;2;0
G03;Sprint 05;G03-A13;1;Negócio;4;0.0;0.0;2;0
G03;Sprint 05;G03-A14;1;Código;1;3.0;42.9;7;0
G03;Sprint 05;G03-A14;1;Design;2;0.0;0.0;7;0
G03;Sprint 05;G03-A14;1;Documentação;3;4.0;57.1;7;0
G03;Sprint 05;G03-A14;1;Negócio;4;0.0;0.0;7;0
G03;Sprint 05;G03-A15;1;Código;1;8.0;26.7;30;0
G03;Sprint 05;G03-A15;1;Design;2;1.0;3.3;30;0
G03;Sprint 05;G03-A15;1;Documentação;3;21.0;70.0;30;0
G03;Sprint 05;G03-A15;1;Negócio;4;0.0;0.0;30;0
G03;Sprint 05;G03-A16;1;Código;1;4.5;26.5;17;0
G03;Sprint 05;G03-A16;1;Design;2;0.0;0.0;17;0
G03;Sprint 05;G03-A16;1;Documentação;3;12.5;73.5;17;0
G03;Sprint 05;G03-A16;1;Negócio;4;0.0;0.0;17;0
G03;Sprint 05;G03-A18;1;Código;1;0.0;0.0;6;4
G03;Sprint 05;G03-A18;1;Design;2;0.0;0.0;6;4
G03;Sprint 05;G03-A18;1;Documentação;3;6.0;100.0;6;4
G03;Sprint 05;G03-A18;1;Negócio;4;0.0;0.0;6;4
G03;Sprint 05;G03-A19;1;Código;1;0.5;12.5;4;0
G03;Sprint 05;G03-A19;1;Design;2;0.0;0.0;4;0
G03;Sprint 05;G03-A19;1;Documentação;3;3.5;87.5;4;0
G03;Sprint 05;G03-A19;1;Negócio;4;0.0;0.0;4;0
