grupo;dia;total_commits
G01;2026-04-23;1
G01;2026-04-24;1
G01;2026-04-25;0
G01;2026-04-26;0
G01;2026-04-27;8
G01;2026-04-28;5
G01;2026-04-29;13
G01;2026-04-30;4
G01;2026-05-01;6
G01;2026-05-02;0
G01;2026-05-03;0
G01;2026-05-04;1
G01;2026-05-05;7
G01;2026-05-06;2
G01;2026-05-07;1
G01;2026-05-08;0
G01;2026-05-09;0
G01;2026-05-10;0
G01;2026-05-11;2
G01;2026-05-12;4
G01;2026-05-13;4
G01;2026-05-14;7
G01;2026-05-15;9
G01;2026-05-16;0
G01;2026-05-17;0
G01;2026-05-18;1
G01;2026-05-19;3
G01;2026-05-20;1
G01;2026-05-21;25
G01;2026-05-22;0
G01;2026-05-23;0
G01;2026-05-24;0
G01;2026-05-25;5
G01;2026-05-26;5
G01;2026-05-27;13
G01;2026-05-28;17
G01;2026-05-29;18
G01;2026-05-30;9
G01;2026-05-31;0
G01;2026-06-01;0
G01;2026-06-02;0
G01;2026-06-03;0
G01;2026-06-04;0
G01;2026-06-05;0
G01;2026-06-06;0
G01;2026-06-07;0
G01;2026-06-08;7
G01;2026-06-09;14
G01;2026-06-10;13
G01;2026-06-11;49
G01;2026-06-12;33
G01;2026-06-13;0
G01;2026-06-14;0
G01;2026-06-15;0
G01;2026-06-16;10
G01;2026-06-17;0
G01;2026-06-18;0
G01;2026-06-19;0
G01;2026-06-20;0
G01;2026-06-21;0
G01;2026-06-22;13
G01;2026-06-23;24
G01;2026-06-24;14
G01;2026-06-25;46
G01;2026-06-26;8
G01;2026-06-27;0
G01;2026-06-28;0
G01;2026-06-29;0
G01;2026-06-30;0
G01;2026-07-01;0
G01;2026-07-02;0
G01;2026-07-03;0
G01;2026-07-04;0
G01;2026-07-05;0
G01;2026-07-06;0
G01;2026-07-07;0
G01;2026-07-08;0
G01;2026-07-09;0
G01;2026-07-10;0
G01;2026-07-11;0
G01;2026-07-12;0
G01;2026-07-13;1
G02;2026-04-23;3
G02;2026-04-24;2
G02;2026-04-25;0
G02;2026-04-26;5
G02;2026-04-27;11
G02;2026-04-28;13
G02;2026-04-29;15
G02;2026-04-30;4
G02;2026-05-01;14
G02;2026-05-02;0
G02;2026-05-03;1
G02;2026-05-04;1
G02;2026-05-05;9
G02;2026-05-06;8
G02;2026-05-07;7
G02;2026-05-08;1
G02;2026-05-09;0
G02;2026-05-10;0
G02;2026-05-11;14
G02;2026-05-12;12
G02;2026-05-13;11
G02;2026-05-14;15
G02;2026-05-15;24
G02;2026-05-16;0
G02;2026-05-17;0
G02;2026-05-18;2
G02;2026-05-19;4
G02;2026-05-20;5
G02;2026-05-21;20
G02;2026-05-22;0
G02;2026-05-23;0
G02;2026-05-24;10
G02;2026-05-25;8
G02;2026-05-26;5
G02;2026-05-27;7
G02;2026-05-28;13
G02;2026-05-29;33
G02;2026-05-30;0
G02;2026-05-31;0
G02;2026-06-01;6
G02;2026-06-02;5
G02;2026-06-03;4
G02;2026-06-04;6
G02;2026-06-05;3
G02;2026-06-06;0
G02;2026-06-07;0
G02;2026-06-08;16
G02;2026-06-09;26
G02;2026-06-10;11
G02;2026-06-11;31
G02;2026-06-12;63
G02;2026-06-13;0
G02;2026-06-14;0
G02;2026-06-15;45
G02;2026-06-16;4
G02;2026-06-17;0
G02;2026-06-18;0
G02;2026-06-19;0
G02;2026-06-20;0
G02;2026-06-21;9
G02;2026-06-22;33
G02;2026-06-23;38
G02;2026-06-24;33
G02;2026-06-25;93
G02;2026-06-26;3
G02;2026-06-27;0
G02;2026-06-28;0
G02;2026-06-29;0
G02;2026-06-30;0
G02;2026-07-01;0
G02;2026-07-02;0
G02;2026-07-03;0
G02;2026-07-04;0
G02;2026-07-05;0
G02;2026-07-06;0
G02;2026-07-07;0
G02;2026-07-08;0
G02;2026-07-09;0
G02;2026-07-10;0
G02;2026-07-11;0
G02;2026-07-12;0
G02;2026-07-13;0
G03;2026-04-23;1
G03;2026-04-24;0
G03;2026-04-25;0
G03;2026-04-26;0
G03;2026-04-27;1
G03;2026-04-28;12
G03;2026-04-29;14
G03;2026-04-30;27
G03;2026-05-01;12
G03;2026-05-02;0
G03;2026-05-03;0
G03;2026-05-04;0
G03;2026-05-05;0
G03;2026-05-06;6
G03;2026-05-07;0
G03;2026-05-08;0
G03;2026-05-09;0
G03;2026-05-10;0
G03;2026-05-11;1
G03;2026-05-12;14
G03;2026-05-13;19
G03;2026-05-14;6
G03;2026-05-15;16
G03;2026-05-16;0
G03;2026-05-17;0
G03;2026-05-18;2
G03;2026-05-19;1
G03;2026-05-20;8
G03;2026-05-21;33
G03;2026-05-22;1
G03;2026-05-23;0
G03;2026-05-24;0
G03;2026-05-25;4
G03;2026-05-26;13
G03;2026-05-27;7
G03;2026-05-28;11
G03;2026-05-29;44
G03;2026-05-30;0
G03;2026-05-31;0
G03;2026-06-01;10
G03;2026-06-02;21
G03;2026-06-03;13
G03;2026-06-04;3
G03;2026-06-05;4
G03;2026-06-06;7
G03;2026-06-07;3
G03;2026-06-08;15
G03;2026-06-09;29
G03;2026-06-10;8
G03;2026-06-11;30
G03;2026-06-12;85
G03;2026-06-13;3
G03;2026-06-14;0
G03;2026-06-15;0
G03;2026-06-16;0
G03;2026-06-17;0
G03;2026-06-18;0
G03;2026-06-19;0
G03;2026-06-20;0
G03;2026-06-21;0
G03;2026-06-22;4
G03;2026-06-23;34
G03;2026-06-24;13
G03;2026-06-25;89
G03;2026-06-26;8
G03;2026-06-27;0
G03;2026-06-28;0
G03;2026-06-29;0
G03;2026-06-30;0
G03;2026-07-01;0
G03;2026-07-02;0
G03;2026-07-03;0
G03;2026-07-04;0
G03;2026-07-05;0
G03;2026-07-06;0
G03;2026-07-07;0
G03;2026-07-08;0
G03;2026-07-09;0
G03;2026-07-10;0
G03;2026-07-11;0
G03;2026-07-12;0
G03;2026-07-13;1
