grupo,cartao_numero,titulo,descricao,situacao,criado_em,atualizado_em,fechado_em,prazo_em,autor_id,fechado_por_id,responsaveis_ids,rotulos,sprint,peso,comentarios,tempo_estimado_s,tempo_gasto_s
G01,1,Análise das 5 forças de Porter,,closed,2026-04-22T17:38:42.296Z,2026-05-02T03:01:35.245Z,2026-04-22T17:50:07.148Z,,G01-A13,G01-A13,G01-A13,ART.01;BUG;DOCUMENTATION;NEGÓCIOS;P,Sprint 01,,0,0,0
G01,2,Redação de introdução - Seção 1,Redação de Introdução sobre a problemática do parceiro e o G01-A26 em que vamos trabalhar,closed,2026-04-22T17:39:16.797Z,2026-04-27T18:37:54.103Z,2026-04-27T18:37:53.737Z,,G01-A14,G01-A15,[externo],ART.01;DOCUMENTATION;M,Sprint 01,,0,0,0
G01,3,Análise das 5 Forças de Porter - Seção 2.1.1,Análise das 5 Forças de Porter em relação ao parceiro,closed,2026-04-22T17:45:25.243Z,2026-04-24T11:59:31.493Z,2026-04-24T11:59:31.326Z,,G01-A14,G01-A15,G01-A13,ART.01;M;NEGÓCIOS,Sprint 01,,0,0,0
G01,4,Matriz SWOT - Seção 2.1.2,Realizar a Matriz SWOT em relação ao parceiro,closed,2026-04-22T17:47:07.492Z,2026-05-02T03:02:24.341Z,2026-05-02T01:50:21.177Z,,G01-A14,G01-A15,G01-A23,ART.01;M;NEGÓCIOS,Sprint 01,,0,0,0
G01,5,Descrição da solução - Seção 2.1.3,"Descrever o problema a [externo] resolvido, explicar a forma de utilização, listar benefícios e definir critérios de sucesso e avalição",closed,2026-04-22T17:48:41.064Z,2026-05-04T14:25:19.612Z,2026-05-04T14:25:19.607Z,,G01-A14,G01-A15,G01-A15,DOCUMENTATION;M,Sprint 01,,0,0,0
G01,6,Canvas de proposta de valor - Seção 2.1.4,Realizar o Canva de proposta de valor em relação ao parceiro,closed,2026-04-22T17:50:37.160Z,2026-05-02T01:50:15.708Z,2026-05-02T01:50:15.551Z,,G01-A14,G01-A15,G01-A17,ART.01;DOCUMENTATION;M;NEGÓCIOS,Sprint 01,,0,0,0
G01,7,Matriz de Riscos - Seção 2.1.5,Realizar a Matriz de Risco em relação ao parceiro,closed,2026-04-22T17:51:33.506Z,2026-05-02T02:56:10.889Z,2026-05-02T02:56:10.764Z,,G01-A14,G01-A15,G01-A14,ART.01;M;NEGÓCIOS,Sprint 01,,0,0,0
G01,8,Criação de personas - Seção 2.2,"Definir 2 a 3 personas com base no problema 

Criar perfis de usuários representativos, incluindo contexto, comportamento e objetivos.

 Descrever dores, necessidades e expectativas das personas Detalhar como cada persona se relaciona com o problema e a solução.",closed,2026-04-23T17:17:42.111Z,2026-05-01T23:43:53.026Z,2026-05-01T23:43:52.898Z,,G01-A14,G01-A12,[externo],ART.02;DESIGN;M,Sprint 01,,0,0,0
G01,9,Criação de User Storie 1 - Seção 2.3,"Criar backlog inicial com no mínimo 10 User Stories 

Escrever histórias no formato “Como \[persona\], quero \[ação\] para \[benefício\]”.

 Definir critérios de aceite claros e testáveis 

Garantir que cada User Story possa [externo] validada objetivamente.

 Priorizar e organizar backlog (US01–US10+) 

Ordenar as histórias conforme importância para o desenvolvimento inicial.

Aplicar e explicar INVEST nas 5 principais histórias 

Justificar como cada User Story prioritária atende aos critérios INVEST.",closed,2026-04-23T17:20:23.299Z,2026-05-01T23:43:50.699Z,2026-05-01T23:43:50.487Z,,G01-A14,G01-A12,[externo],ART.02;DESIGN;G,Sprint 01,,0,0,0
G01,10,Criação de User Storie 2 - Seção 2.3,,closed,2026-04-23T17:21:58.465Z,2026-05-02T03:02:08.930Z,2026-05-01T23:43:49.248Z,,G01-A14,G01-A12,G01-A23,ART.02;DESIGN;M,Sprint 01,,1,0,0
