grupo,cartao_numero,acao,coluna,pessoa_id,ocorrido_em
G01,1,add,DOCUMENTATION,G01-A13,2026-04-22T17:39:47.412Z
G01,1,add,SIZE G,G01-A13,2026-04-22T17:39:47.412Z
G01,1,add,Backlog,G01-A13,2026-04-22T17:40:46.797Z
G01,1,add,NEGÓCIOS,G01-A13,2026-04-22T17:49:21.492Z
G01,1,remove,Backlog,G01-A13,2026-04-22T17:49:52.195Z
G01,1,add,BUG,G01-A13,2026-04-23T17:50:23.417Z
G01,1,add,ART.01,G01-A16,2026-04-23T17:50:41.653Z
G01,1,remove,SIZE G,G01-A15,2026-05-02T03:01:35.256Z
G01,1,add,P,G01-A15,2026-05-02T03:01:41.360Z
G01,2,add,DOCUMENTATION,G01-A14,2026-04-22T17:39:50.859Z
